setting_name,avg_avg_negotiation_success_rate,avg_avg_trust_value,avg_avg_relevant_change_rate,avg_avg_global_application_stability,avg_avg_global_service_stability,avg_avg_global_action_stability,avg_avg_avg_application_stability,avg_avg_std_application_stability,avg_avg_avg_service_stability,avg_avg_std_service_stability,avg_avg_avg_action_stability,avg_avg_std_action_stability,avg_avg_sota1_success_rate,avg_avg_sota1_trust_value,avg_avg_sota1_unsupported_service_rate,avg_avg_sota1_requirement_violation_rate,avg_avg_sota2_success_rate,avg_avg_sota2_trust_value,avg_avg_sota2_unsupported_service_rate,avg_avg_sota2_requirement_violation_rate,avg_avg_sota3_success_rate,avg_avg_sota3_trust_value,avg_avg_sota3_unsupported_service_rate,avg_avg_sota3_requirement_violation_rate,avg_std_negotiation_success_rate,avg_std_trust_value,avg_std_relevant_change_rate,avg_std_global_application_stability,avg_std_global_service_stability,avg_std_global_action_stability,avg_std_avg_application_stability,avg_std_std_application_stability,avg_std_avg_service_stability,avg_std_std_service_stability,avg_std_avg_action_stability,avg_std_std_action_stability,avg_std_sota1_success_rate,avg_std_sota1_trust_value,avg_std_sota1_unsupported_service_rate,avg_std_sota1_requirement_violation_rate,avg_std_sota2_success_rate,avg_std_sota2_trust_value,avg_std_sota2_unsupported_service_rate,avg_std_sota2_requirement_violation_rate,avg_std_sota3_success_rate,avg_std_sota3_trust_value,avg_std_sota3_unsupported_service_rate,avg_std_sota3_requirement_violation_rate,std_avg_negotiation_success_rate,std_avg_trust_value,std_avg_relevant_change_rate,std_avg_global_application_stability,std_avg_global_service_stability,std_avg_global_action_stability,std_avg_avg_application_stability,std_avg_std_application_stability,std_avg_avg_service_stability,std_avg_std_service_stability,std_avg_avg_action_stability,std_avg_std_action_stability,std_avg_sota1_success_rate,std_avg_sota1_trust_value,std_avg_sota1_unsupported_service_rate,std_avg_sota1_requirement_violation_rate,std_avg_sota2_success_rate,std_avg_sota2_trust_value,std_avg_sota2_unsupported_service_rate,std_avg_sota2_requirement_violation_rate,std_avg_sota3_success_rate,std_avg_sota3_trust_value,std_avg_sota3_unsupported_service_rate,std_avg_sota3_requirement_violation_rate,std_std_negotiation_success_rate,std_std_trust_value,std_std_relevant_change_rate,std_std_global_application_stability,std_std_global_service_stability,std_std_global_action_stability,std_std_avg_application_stability,std_std_std_application_stability,std_std_avg_service_stability,std_std_std_service_stability,std_std_avg_action_stability,std_std_std_action_stability,std_std_sota1_success_rate,std_std_sota1_trust_value,std_std_sota1_unsupported_service_rate,std_std_sota1_requirement_violation_rate,std_std_sota2_success_rate,std_std_sota2_trust_value,std_std_sota2_unsupported_service_rate,std_std_sota2_requirement_violation_rate,std_std_sota3_success_rate,std_std_sota3_trust_value,std_std_sota3_unsupported_service_rate,std_std_sota3_requirement_violation_rate
G1.1.1,0.740375,0.6071603370260648,0.010697797572797573,0.9823103408029878,0.9800545634920635,0.9623649042950513,0.9993462069203491,0.0030956206502018883,0.999182444715778,0.0035903640760635994,0.9985286516361271,0.005453350267287755,0.0,0.0,0.0,0.0,0.4925000000000001,0.5924238566745121,0.02336258392250955,0.41096865970908836,0.0,0.0,0.0,0.0,0.07185338579693491,0.019884990548217314,0.011535846636297371,0.022249915416727908,0.023348356190124903,0.03742414738440251,0.0008105613379684071,0.003722979742674189,0.0009955437477131232,0.004132091712823958,0.0015115045160508061,0.005345625934512215,0.0,0.0,0.0,0.0,0.07922484289457107,0.013574606036461375,0.041308158802064586,0.02824388842833774,0.0,0.0,0.0,0.0,0.056110456541836634,0.019305008706350227,0.02076126743599541,0.040394552099904044,0.04258091185669636,0.08139366715901869,0.001477939932862307,0.006746772568109329,0.0017432905431676749,0.00745754669932343,0.003168697586543506,0.011328739452634193,0.0,0.0,0.0,0.0,0.06309569451766629,0.014433435917685028,0.02084112892637961,0.013011278706025597,0.0,0.0,0.0,0.0,0.0308041720034471,0.013928440689047632,0.019881819397841134,0.04820277712109053,0.045615328691842,0.06914938346166044,0.0017193592879873407,0.007520917370195464,0.0019628395484839346,0.007874568508544169,0.0028319813385328935,0.009385575487363131,0.0,0.0,0.0,0.0,0.033421338785560833,0.011695623560467137,0.03968503066482021,0.01911457260818702,0.0,0.0,0.0,0.0
G1.1.2,0.7514999999999998,0.6114618240727285,0.02046542575248821,0.9707390873015873,0.963313492063492,0.9340525793650793,0.9985729935084957,0.00555578741433019,0.998375802506982,0.006568543024424096,0.9969487960154777,0.010505263894198254,0.0,0.0,0.0,0.0,0.5135000000000001,0.5917765145364392,0.023325783728610803,0.4104477470947705,0.0,0.0,0.0,0.0,0.07748444116536486,0.01825962455970311,0.015008269952571202,0.03768473545418751,0.02570918659868468,0.049046200401388455,0.0019811979539610994,0.006890875404928855,0.0012729292688039118,0.00400950282946911,0.0025638259762866735,0.006946314710496191,0.0,0.0,0.0,0.0,0.08702506804125458,0.013374910192753334,0.03405721363198632,0.02523295616680726,0.0,0.0,0.0,0.0,0.04473626418615365,0.016962309344502047,0.03284461438435269,0.053899019695510815,0.060973558517855866,0.1105491893347782,0.0028797770949537936,0.010404282018612428,0.0027270449423004365,0.010931368744794572,0.005306419765063873,0.018071729667897635,0.0,0.0,0.0,0.0,0.07991495479570766,0.010624980424705067,0.02826858024963672,0.011350604631981781,0.0,0.0,0.0,0.0,0.040098696601143076,0.012332951976751876,0.021541768576381112,0.06962243702086075,0.04393175603039284,0.07241327277140229,0.0041420542834847895,0.012851682301903724,0.002146878275784399,0.006221912894333419,0.004065731175284884,0.010639404243403828,0.0,0.0,0.0,0.0,0.049387043185191895,0.008226961977656478,0.03667802982761135,0.019866296496500117,0.0,0.0,0.0,0.0
G1.1.3,0.7418750000000001,0.606322528472155,0.00667155300087601,0.9642063492063492,0.965734126984127,0.9299404761904762,0.9994356862631617,0.0034289993728917278,0.9994347877502066,0.003776352924211962,0.9988704740133683,0.005864358863527625,0.0,0.0,0.0,0.0,0.48775,0.5907124680315735,0.021567264020980914,0.414969508258638,0.0,0.0,0.0,0.0,0.08196072201701954,0.018079886422285234,0.006756112394191155,0.04647044268147081,0.037766690941525224,0.0681815987282279,0.0007424590440112067,0.004502110494646241,0.0006593319310845309,0.004168507108879226,0.0011898245900934116,0.005832838858841686,0.0,0.0,0.0,0.0,0.07970752433005553,0.013477724122396917,0.03153614936675783,0.02352707247205259,0.0,0.0,0.0,0.0,0.040519748271676134,0.015093516166990366,0.012204319362963581,0.07275716763437724,0.06767198352713885,0.1282621778895865,0.0012656760639252918,0.006757278214670571,0.0010803987715051644,0.007044515626396856,0.002167214479931532,0.010670904248342716,0.0,0.0,0.0,0.0,0.05580382304705177,0.008030857831198966,0.033062731707537714,0.01448043774196239,0.0,0.0,0.0,0.0,0.05078650788229855,0.015327707752398792,0.012666855904399447,0.0949080685936587,0.0719984075159482,0.13507703504927016,0.00169684294195076,0.008834883224119565,0.0013336244202114774,0.008365621552193054,0.0026573149273826577,0.011942283466861648,0.0,0.0,0.0,0.0,0.041599173904279814,0.009792849072584769,0.04217192112953592,0.021384959049872688,0.0,0.0,0.0,0.0
G1.2.1,0.9706250000000001,0.7012674378842082,0.002713541666666667,0.9944642857142857,0.99875,0.9932142857142857,0.9997619047619049,0.0011128437439195023,0.99995,0.0002449489742783178,0.9997119047619047,0.0013577927181978198,0.0,0.0,0.0,0.0,0.595,0.5406242009175619,0.003245596995596996,0.30530550264679923,0.0,0.0,0.0,0.0,0.02942189989162615,0.01520794157135354,0.004240813153879254,0.010211329487531649,0.0027950849718747363,0.010481685379965352,0.0004253848438636649,0.0020153662432837536,0.00011180339887498968,0.000547722557505166,0.00044584457078061297,0.0020902998935607925,0.0,0.0,0.0,0.0,0.07942893605974392,0.011517958213536903,0.00653734364915883,0.01992282500633289,0.0,0.0,0.0,0.0,0.026022746460228483,0.013192273637798721,0.006264831938125951,0.012452631336825323,0.004999999999999977,0.015540160830553072,0.0005729971856426209,0.002568740478455856,0.00019999999999997797,0.0009797958971132711,0.000661941874030974,0.0030942933520645153,0.0,0.0,0.0,0.0,0.07871636847992076,0.0065842961928776625,0.008756919504016622,0.019749054468820845,0.0,0.0,0.0,0.0,0.035184872609569075,0.011742360263865754,0.009373147242628567,0.022231048340274444,0.011180339887498947,0.022942260234505407,0.0009396279731649274,0.004375060431708415,0.0004472135954999587,0.002190890230020664,0.0009788631085467143,0.004548165008251996,0.0,0.0,0.0,0.0,0.04555341616364519,0.009173027031476693,0.018883904802740017,0.011687515331159247,0.0,0.0,0.0,0.0
G1.2.2,0.9714999999999999,0.7002712388442937,0.005852731507622812,0.9948611111111111,0.991111111111111,0.9859722222222222,0.9997315917107583,0.0009654189515599602,0.9995919454639564,0.001692205971749539,0.9993235371747147,0.002594514632171832,0.0,0.0,0.0,0.0,0.623625,0.5474452757419548,0.0020833333333333333,0.3032675019707205,0.0,0.0,0.0,0.0,0.028535170086736093,0.012564582022975548,0.007367957520451558,0.011490904884373918,0.01164598925171418,0.017611093892949445,0.0006001791804686974,0.0021587424024546477,0.0005250243566599709,0.002148117188541172,0.0008942697172029325,0.0033228316003310774,0.0,0.0,0.0,0.0,0.08129197386190148,0.012541827050743571,0.004658474953124561,0.015818652910197538,0.0,0.0,0.0,0.0,0.018308467986153282,0.009065329956992529,0.013487415709748235,0.01175101781775035,0.022088486470736333,0.03267718399601568,0.000652374322896119,0.002143649675380785,0.0010457343290897912,0.004117978725626095,0.0016349581349607246,0.005722112070572629,0.0,0.0,0.0,0.0,0.09824111495024203,0.009129024461560768,0.008333333333333333,0.007463443160362567,0.0,0.0,0.0,0.0,0.022123750571029114,0.009246674153565672,0.014839417489044892,0.026276074645301038,0.026061414186419156,0.036289244809829035,0.0014587533327711246,0.004793346394096793,0.0011997229593482092,0.004699247176610649,0.001957027991071339,0.006451337047084576,0.0,0.0,0.0,0.0,0.03303113659380062,0.009350775534729024,0.018633899812498245,0.008901558165262974,0.0,0.0,0.0,0.0
G1.2.3,0.9692500000000001,0.6988259852009846,0.002738560412323526,0.9961111111111112,0.984186507936508,0.980297619047619,0.9999486758447946,0.00044368523209778726,0.9997952793732419,0.0015204794576652418,0.9997439552180365,0.001882085388373804,0.0,0.0,0.0,0.0,0.6068749999999998,0.5424320059771102,0.0027659574468085106,0.31336511276421264,0.0,0.0,0.0,0.0,0.029260765390004412,0.016401860742134754,0.002934398297211597,0.006528915953156997,0.01964281479034733,0.01935333466320024,0.00008664667831907316,0.0007467479182943774,0.000260640544691621,0.0017979727266417644,0.00025292424829348475,0.001723410458504695,0.0,0.0,0.0,0.0,0.08418193128910059,0.018037757230268826,0.006184868873935589,0.023848701432181964,0.0,0.0,0.0,0.0,0.02627926939623705,0.007921449242899042,0.005541842155940941,0.01111111111111111,0.03159609433336187,0.03966119531786908,0.00014591229865140202,0.0012644716369608928,0.00040621742449883783,0.0030025979390999225,0.000518493462174076,0.003770518525368849,0.0,0.0,0.0,0.0,0.06675714693324353,0.00747208044730556,0.009985654415204562,0.016742141372180844,0.0,0.0,0.0,0.0,0.033507135300467894,0.0116433387470154,0.005674583767222669,0.017864504669119582,0.036564622580278164,0.03631683999950068,0.00023689612733771725,0.0020423342830942705,0.0004865331926783803,0.003278067647816967,0.0004740149638336505,0.003140059838431391,0.0,0.0,0.0,0.0,0.04914905160902179,0.013925242799724147,0.022328602072218314,0.01631788479823383,0.0,0.0,0.0,0.0
G1.3.1,0.944875,0.7047413879278235,0.002297794117647059,0.9971875,0.9961111111111112,0.9932986111111111,0.9998735119047619,0.0005825311027766728,0.9998777427637722,0.0006778317532251489,0.9997512546685341,0.0012603628560018218,0.0,0.0,0.0,0.0,0.3344999999999999,0.552629923090144,0.00576702172096909,0.31000854884006307,0.0,0.0,0.0,0.0,0.043992893911307646,0.015622448540406602,0.003538981031314117,0.0038905936243714815,0.0064168640858762085,0.01030745771024769,0.00017763893432014212,0.0008110347087101157,0.00020634737839893546,0.0011306306859096326,0.00038398631271907764,0.0019416653946197483,0.0,0.0,0.0,0.0,0.07485320951418308,0.014355452081717332,0.008536325307223617,0.030498150254467855,0.0,0.0,0.0,0.0,0.03916439709736381,0.01235258453487181,0.005315565437269733,0.011249999999999982,0.011374652348506428,0.015251619019502456,0.0005059523809523847,0.0023301244111066906,0.0003476776940311659,0.001954736113542542,0.000586410728796135,0.0028996739719473665,0.0,0.0,0.0,0.0,0.06471475874945375,0.01230325804054973,0.01441460264034661,0.021901466237922343,0.0,0.0,0.0,0.0,0.02747605571515544,0.013169761658363347,0.007816869309167676,0.015562374497485926,0.01769972951999041,0.022410006306977124,0.0007105557372805685,0.003244138834840463,0.000564187806141027,0.003101450257567494,0.0008631334210095609,0.004264645931923765,0.0,0.0,0.0,0.0,0.03947315746750187,0.008429619566834788,0.020274188598036903,0.020698055180887926,0.0,0.0,0.0,0.0
G1.3.2,0.945125,0.7058805743895712,0.0031963869463869465,0.9961111111111112,0.9939285714285715,0.9900396825396826,0.9998406339031339,0.0006296552109682826,0.9997285076035076,0.001268320216595003,0.9995691415066414,0.0018557105533095295,0.0,0.0,0.0,0.0,0.33675,0.5405967385831163,0.008216655420602789,0.30551239651828455,0.0,0.0,0.0,0.0,0.03906716438263437,0.01375919979223853,0.00506527800436227,0.00869581991249918,0.011051397926807685,0.015535911187929432,0.000356353425901413,0.0014079518541120508,0.0005001712773971352,0.0023098577528709668,0.0006793018362324119,0.0028505947248375486,0.0,0.0,0.0,0.0,0.08321169687566361,0.029291395812628202,0.01448686467736798,0.03773506328346446,0.0,0.0,0.0,0.0,0.04192672178933143,0.013263238023078036,0.007315167272042788,0.01111111111111111,0.014108423691100956,0.024816078306299928,0.0004537350103472043,0.0017342847844542852,0.0006159028206742294,0.0029250389488475366,0.001046935211414573,0.004435559976741048,0.0,0.0,0.0,0.0,0.04540117472782689,0.03216291128737037,0.017108563644255323,0.027402192672897813,0.0,0.0,0.0,0.0,0.03499533937884071,0.01338968694541363,0.011167453059412294,0.02484519974999766,0.024194433987131038,0.03732519493367094,0.0010145823269079276,0.0038779786703833515,0.001083985467932908,0.005033405449790209,0.0015865629707093086,0.006490509849254527,0.0,0.0,0.0,0.0,0.05639327149531397,0.05731918551215214,0.031651383791215945,0.036847748519255985,0.0,0.0,0.0,0.0
G1.3.3,0.941875,0.7062125912325671,0.0013070555560659703,0.9908928571428571,0.9954017857142857,0.9862946428571429,0.9998712715447957,0.0009433520134754322,0.9999383660487385,0.0005366325074167928,0.9998096375935343,0.001394700766107358,0.0,0.0,0.0,0.0,0.338125,0.5506640166963962,0.005159632034632034,0.3081604239102002,0.0,0.0,0.0,0.0,0.04541855974457823,0.014437404386799413,0.0016944499445152189,0.01719044263582927,0.007396765357608734,0.018984529659773992,0.0002488240143900122,0.001767558163633148,0.00009901094218156839,0.0008675685061461413,0.0002690684335919223,0.0019458943363744397,0.0,0.0,0.0,0.0,0.05957357372103538,0.015581325637910726,0.010253355181146234,0.028459107498786614,0.0,0.0,0.0,0.0,0.044765872417873526,0.015409209635683065,0.003167612651579174,0.026643910358347785,0.013979987518606997,0.035224468488141994,0.00038396098491387347,0.002668510882038477,0.00018744068198611882,0.0016173314736174802,0.0004971541923731093,0.0034674918288227644,0.0,0.0,0.0,0.0,0.06578943684209496,0.01606424800660527,0.01149581445264858,0.02236264940084869,0.0,0.0,0.0,0.0,0.036216451962840346,0.011551008803047482,0.003986526109983572,0.04741363974187522,0.020889429804343006,0.04975876095888544,0.0007078375480642482,0.004676163462322013,0.00027961497287163045,0.0024346937194329238,0.0007282473239004763,0.004894423473389782,0.0,0.0,0.0,0.0,0.032522637270748084,0.009786081051450944,0.023629145561776865,0.025334301796635147,0.0,0.0,0.0,0.0
G2.1.1,0.7408750000000001,0.6074007958398385,0.01185462888704811,0.9770634920634921,0.977311507936508,0.954375,0.9989138106446009,0.0045368452139770395,0.9990902787675185,0.004435729718259234,0.9980040894121194,0.008228522295100496,0.0,0.0,0.0,0.0,0.482,0.5714653518112095,0.012367175039872409,0.4082028705637743,0.0,0.0,0.0,0.0,0.06535243920167,0.018198530683908982,0.009634417041515554,0.03779063833748827,0.020330569157413162,0.040860456278783645,0.0019661854450411,0.007706224493550825,0.0007962890085436017,0.0039061412008751413,0.00207800536801092,0.008089183531866693,0.0,0.0,0.0,0.0,0.08452019858818546,0.013853012371962552,0.02476302858138174,0.022203989147779494,0.0,0.0,0.0,0.0,0.07163227857141874,0.01719718892919534,0.02218120789658172,0.06505388583692948,0.04385566999692646,0.10429636370210363,0.003116088793228296,0.012628861717605805,0.0017348189138778718,0.008508733042756247,0.004590401277502114,0.018016633144561128,0.0,0.0,0.0,0.0,0.06543393614937129,0.015974758865006825,0.021347464266520563,0.01615855181322512,0.0,0.0,0.0,0.0,0.03950944110485698,0.013638568168227165,0.015627763558860645,0.09564949797812113,0.03686669812383796,0.08259167337427198,0.005238435825221862,0.019356162798124393,0.0014258890874865348,0.007016674494397863,0.004543115924527525,0.016648738005005347,0.0,0.0,0.0,0.0,0.04781309199359458,0.011341506932345811,0.04467797608833072,0.015343613630217271,0.0,0.0,0.0,0.0
G2.1.2,0.7545,0.6060725344466807,0.013575806867247086,0.9788740079365079,0.9756349206349206,0.9545089285714285,0.9991218262117172,0.003164974731033601,0.9990494999037798,0.004197143656766159,0.998171326115497,0.006396417615941904,0.0,0.0,0.0,0.0,0.49374999999999997,0.5664274715776071,0.009719351298298666,0.4105667542258462,0.0,0.0,0.0,0.0,0.08398550035963513,0.018813877443658953,0.017537012912437824,0.031643595787164566,0.028201470593910084,0.05175330039243944,0.0013676843967171317,0.004361447848000691,0.0011350919656830413,0.004636701709169898,0.002204054899619692,0.006525583928983167,0.0,0.0,0.0,0.0,0.07626148425475059,0.013038970662525552,0.018444443850860522,0.02593799129536495,0.0,0.0,0.0,0.0,0.04175803315930164,0.018037522546631355,0.023096135404429476,0.04478583189861606,0.045589915696372114,0.07821209166790505,0.0019135204903000785,0.006570250912491857,0.00173995206464745,0.007404971318485043,0.003161987290889619,0.010970521227558748,0.0,0.0,0.0,0.0,0.0701118154569304,0.004705449807873756,0.017086542809962784,0.02034984074269839,0.0,0.0,0.0,0.0,0.05531303141784202,0.013355621252949625,0.029605512789748323,0.06863525290419502,0.05082040867390062,0.08881281593944489,0.0031192121930967514,0.009088731747962901,0.0020002166777313393,0.007667694471616743,0.003916221845508325,0.01106129131192367,0.0,0.0,0.0,0.0,0.04102598876175838,0.011623417305898468,0.032476832437128116,0.02179721785915313,0.0,0.0,0.0,0.0
G2.1.3,0.7472500000000001,0.6080633776114849,0.0038386265363787387,0.9809275793650793,0.9839781746031746,0.964905753968254,0.9997074339319874,0.0017006239956313357,0.9997680392794934,0.0018835576870116133,0.9994754732114808,0.0032458974186907836,0.0,0.0,0.0,0.0,0.48587499999999995,0.570479085396569,0.0032088032581453632,0.406695937155492,0.0,0.0,0.0,0.0,0.07868535439761291,0.018174551466591728,0.004114533845009782,0.03204740849633625,0.019541984533735696,0.036026040914947224,0.0005151693976584224,0.0026734237517154445,0.00027913850690921096,0.0022168333285158865,0.0006008809762358289,0.003030728745955251,0.0,0.0,0.0,0.0,0.07267551995449953,0.013915354825736519,0.005084889441062644,0.025105866146930635,0.0,0.0,0.0,0.0,0.05494178737536668,0.017273949206402114,0.007682442115903259,0.04210451946198749,0.03462571319521543,0.07511453821535452,0.0006536887419989649,0.0037262377370937175,0.0005214718255297937,0.004296120871466176,0.0011449972554479265,0.0067469766337658514,0.0,0.0,0.0,0.0,0.0878376343032985,0.011562201570798665,0.008296762069820418,0.01846266378106402,0.0,0.0,0.0,0.0,0.05134058826643427,0.01134221320451889,0.00727988260345461,0.07172861215754672,0.035173375504822496,0.07006652064583878,0.0011734409153344519,0.005932011400228685,0.0005074178973445921,0.003874971210428626,0.001236391994149574,0.005520580040503626,0.0,0.0,0.0,0.0,0.03856794937897725,0.006896776796618625,0.012634579674726207,0.016198697406698593,0.0,0.0,0.0,0.0
G2.2.1,0.9737499999999999,0.697189303828902,0.0045243308922315005,0.9975,0.9881597222222223,0.9856597222222222,0.999921568627451,0.00043557902308665917,0.9995733247517921,0.0020204524912660012,0.999494893379243,0.0023190725626559476,0.0,0.0,0.0,0.0,0.6136249999999999,0.5655835408508151,0.003964565527065527,0.30875022732116736,0.0,0.0,0.0,0.0,0.025755111056260556,0.01654079088320594,0.006678446883494454,0.0034232659844072866,0.01632950119866522,0.018273893286360136,0.00010774561098202657,0.000596896368234898,0.0006066773914946464,0.002812193486868859,0.000641390732217211,0.0031446051436021184,0.0,0.0,0.0,0.0,0.08357918258687251,0.015072747417399272,0.0069312298856127426,0.020577102981322353,0.0,0.0,0.0,0.0,0.02094914477172438,0.009496047990115544,0.010044591331939934,0.010000000000000009,0.02743546018036953,0.03669595841775401,0.0003137254901960651,0.0017423160923466365,0.001006393219653691,0.004494163254666682,0.0012985663322364993,0.005567716188333994,0.0,0.0,0.0,0.0,0.0684386586659908,0.005107826841714081,0.011247587242815684,0.013344958277819938,0.0,0.0,0.0,0.0,0.026111029689481747,0.01734389873710195,0.01303365798278169,0.013693063937629146,0.031694831116818326,0.03790116030352719,0.0004309824439281063,0.002387585472939592,0.001220303184325756,0.005282860548643501,0.0013342071923127734,0.006273368343431327,0.0,0.0,0.0,0.0,0.04104657826564324,0.011042642766190509,0.022644690222195903,0.014428705510169698,0.0,0.0,0.0,0.0
G2.2.2,0.9722500000000002,0.7026129707034363,0.004752049115100586,0.9947222222222222,0.99375,0.9884722222222222,0.9997966457732083,0.00101314661683086,0.9997620448179272,0.0011916755403932695,0.9995586905911354,0.0022048221572241295,0.0,0.0,0.0,0.0,0.604375,0.5676066315937015,0.0038925729442970823,0.3014213613028377,0.0,0.0,0.0,0.0,0.023315854596621537,0.016659937157628882,0.005045230835106634,0.0064828399850280025,0.011808520900031497,0.012612346056829232,0.00023816513315794515,0.001213648675107028,0.00046445169310699595,0.002287579578483325,0.00046957065547866054,0.0023745119035748817,0.0,0.0,0.0,0.0,0.08928260743263923,0.010473430580873936,0.008704057710824779,0.022810476789847205,0.0,0.0,0.0,0.0,0.02254329168511113,0.009846375090669485,0.010842669838072356,0.016547723725450204,0.01204159457879228,0.023950824104999876,0.0006652754535849911,0.0032429551705889376,0.00043633669803895016,0.002231737528211541,0.0009644773700947317,0.004687184138864292,0.0,0.0,0.0,0.0,0.06468474833116897,0.009767191856709389,0.0104620419619036,0.011769228943000528,0.0,0.0,0.0,0.0,0.020366532663280753,0.01087997987636847,0.00919390089325903,0.01790539221042614,0.02124294603934257,0.02267762317108181,0.0006766886435323548,0.0033902213549666612,0.0008348906219858607,0.004097020485254917,0.0008424795982337674,0.004255358625301809,0.0,0.0,0.0,0.0,0.05567636013035081,0.006574634412446798,0.023393837010271718,0.01588560803526248,0.0,0.0,0.0,0.0
G2.2.3,0.96725,0.7024212146272178,0.0008371340824392468,0.99875,0.9929861111111111,0.9917361111111112,0.9999831081081081,0.00014432438758982315,0.9999058844642765,0.0008068301334489682,0.9998889925723846,0.0009511545210387914,0.0,0.0,0.0,0.0,0.6266249999999999,0.564574153138792,0.0010972823472823472,0.3022085090592683,0.0,0.0,0.0,0.0,0.026473955781237752,0.012738065445303589,0.0012936255940852199,0.0027950849718747363,0.01340457651556305,0.014032757528095602,0.00003777141853884489,0.0003227191414618716,0.00017907470498830904,0.0015385566129239763,0.00018890409394386857,0.0016167029214903214,0.0,0.0,0.0,0.0,0.08953659389162609,0.01500615049168245,0.0020043668800515686,0.02134340676732957,0.0,0.0,0.0,0.0,0.027019745866063708,0.014521367185758078,0.0018851321689284594,0.004999999999999977,0.016115420879501012,0.017869986562756197,0.00006756756756756688,0.0005772975503592927,0.00021847526466777084,0.001863198045798525,0.0002404226555408762,0.0020582348644890332,0.0,0.0,0.0,0.0,0.07771647187051145,0.009228029097242626,0.0030005188217777264,0.01555982065764607,0.0,0.0,0.0,0.0,0.021049267041378723,0.009561002767560388,0.00279565033321017,0.011180339887498947,0.031604959469860285,0.032359781777056576,0.00015108567415537957,0.0012908765658474863,0.00042567572928036806,0.003642154803092287,0.00043654109271215835,0.0037322613585979293,0.0,0.0,0.0,0.0,0.04877237856859586,0.010789598898223682,0.0056968847319175345,0.018697895714038976,0.0,0.0,0.0,0.0
G2.3.1,0.935875,0.7014358043194074,0.003003759998655643,0.9936111111111111,0.9982291666666667,0.9918402777777777,0.9997569444444444,0.0010619268540340964,0.9999225877192983,0.0003612494317103156,0.9996795321637426,0.001423176285744412,0.0,0.0,0.0,0.0,0.31287499999999996,0.48102581962894675,0.004687500000000001,0.3375749910288923,0.0,0.0,0.0,0.0,0.04272931276713463,0.012474440665692577,0.00475721505536792,0.012007034029625684,0.003959703710155876,0.013111229599727041,0.0004546610570368792,0.0019331806037753414,0.00017309912194241354,0.0008077782861374338,0.000514138059040549,0.0021828962078576887,0.0,0.0,0.0,0.0,0.05769223791611238,0.01926184306614031,0.010481568644530264,0.034247771419114136,0.0,0.0,0.0,0.0,0.04593020066724432,0.017166312539457634,0.006929716741114554,0.017756932223087087,0.005286907308520618,0.02077779634580274,0.0006718548123582207,0.002903508796261377,0.00022158283670933437,0.0010562381501517519,0.0007988278407054957,0.003608573406161381,0.0,0.0,0.0,0.0,0.07541164808348022,0.020029495819213206,0.013597640726733935,0.05419942927428769,0.0,0.0,0.0,0.0,0.03611767184004171,0.008540106979350762,0.01037819012832251,0.03563829665995145,0.011821884132592587,0.035443538514658306,0.0013341512128687719,0.00549571578528576,0.0004954742855293284,0.0023618203041679466,0.0013318146189254519,0.005478410711675259,0.0,0.0,0.0,0.0,0.037305666189549065,0.012148696128950932,0.03040524899859672,0.020761125226332725,0.0,0.0,0.0,0.0
G2.3.2,0.9395000000000001,0.7040109448148536,0.006269340586476136,0.9889583333333334,0.9942361111111111,0.9831944444444445,0.999528613189774,0.0022262402767476834,0.9997671957671957,0.0011331102713471178,0.9992958089569698,0.0031708737363443356,0.0,0.0,0.0,0.0,0.29300000000000004,0.47166185358477775,0.0,0.3343785230639505,0.0,0.0,0.0,0.0,0.04115426119050224,0.014237531301109977,0.00714845001910211,0.01586962736234038,0.01049009980796461,0.018468911163385757,0.0006843227624236338,0.0032107213853564192,0.0004289944570572492,0.0020739841947304445,0.0007840570522515934,0.0033350786457609525,0.0,0.0,0.0,0.0,0.07374898799431842,0.032098744698307445,0.0,0.0460144409946809,0.0,0.0,0.0,0.0,0.039195237805971596,0.021346094453065415,0.012394570471633002,0.024177732672888235,0.01319663724468854,0.03449070966938692,0.0010263235100042205,0.004859193205807082,0.0005253660091383631,0.0025744525663109036,0.0014385710843360983,0.006610312737746207,0.0,0.0,0.0,0.0,0.061540230743798795,0.026068121174661927,0.0,0.05360089851816083,0.0,0.0,0.0,0.0,0.02761790309904394,0.010627444325259068,0.014752837401902861,0.029795030738288108,0.022669304795651456,0.03516125134466278,0.0012958990417626481,0.006045754177546517,0.0009249394201978239,0.004469763401446631,0.0014800273450431417,0.00612452739761971,0.0,0.0,0.0,0.0,0.042455771745054126,0.05022092177235904,0.0,0.0489643287144204,0.0,0.0,0.0,0.0
G2.3.3,0.9504999999999998,0.7008377133481656,0.0018341639999248697,0.9868055555555555,0.9936111111111111,0.9804166666666667,0.9998127650127651,0.0013504252812320573,0.9999170807983309,0.0007230112869526147,0.9997298458110958,0.002073436568184672,0.0,0.0,0.0,0.0,0.2895,0.46890264810096566,0.0017857142857142857,0.3283139169921699,0.0,0.0,0.0,0.0,0.03743787552755995,0.014426281989564098,0.0016732816345917233,0.018039502987990313,0.009151525889571162,0.019020762379395068,0.0002592493422589123,0.0019079162753149709,0.00011967701816711152,0.0010393846847435973,0.00026665826097852234,0.002055950248166143,0.0,0.0,0.0,0.0,0.06640433622203684,0.02975658493899564,0.0039929785312496245,0.04836562457671784,0.0,0.0,0.0,0.0,0.032996969557824544,0.012392453092148828,0.004238014902218969,0.037506378058428005,0.016367688736284688,0.0465870131500044,0.00054178160543565,0.0036829239921709746,0.00021119456751448576,0.0018468681953690313,0.0006567506370633657,0.004793021288160836,0.0,0.0,0.0,0.0,0.05846252360843369,0.02522995954663515,0.007142857142857143,0.04212683825878833,0.0,0.0,0.0,0.0,0.017803534509991444,0.008152660369121162,0.003908407914852043,0.042863079225137365,0.01984423805966029,0.04586723492025732,0.0006282322703451824,0.0044092943890133626,0.00025922900118031125,0.0022524570095459957,0.0006585025099837234,0.004869377061661748,0.0,0.0,0.0,0.0,0.06285296391556565,0.05171235937095661,0.0159719141249985,0.04370522663632069,0.0,0.0,0.0,0.0
G3.1.1,0.7429999999999999,0.6112567274971638,0.01640076121490595,0.9861111111111112,0.9562686741363212,0.9423797852474323,0.9994012713109935,0.0022434636612222647,0.9980650483944242,0.007112843948531237,0.9974663197054178,0.00844552009567205,0.0,0.0,0.0,0.0,0.5438749999999999,0.6345677521744469,0.052609365473427025,0.39952255949502014,0.0,0.0,0.0,0.0,0.07597167920925926,0.01961748965310915,0.014256684515803987,0.020693431235238344,0.04668032897655215,0.0595076386969385,0.0009420275403589774,0.0031811876507724258,0.00203689615282818,0.006652918606610757,0.0026713868583402053,0.007124761565030035,0.0,0.0,0.0,0.0,0.07589407871683349,0.012490321712111039,0.05346385413071163,0.023767441674336972,0.0,0.0,0.0,0.0,0.06372859117643614,0.017668903981894572,0.029115551805587062,0.03253677880965846,0.09890776740833504,0.10979964891006691,0.001429610363385961,0.0051087250789423775,0.004311483138599344,0.015426643329788225,0.004855784245926753,0.01632933248665534,0.0,0.0,0.0,0.0,0.08009816893454347,0.009005003619986985,0.04660229561204252,0.024652477373221623,0.0,0.0,0.0,0.0,0.05760374023157786,0.012861034841312189,0.02658212971485865,0.047586000528143636,0.10134679275129717,0.116164317113963,0.0023141609500059637,0.007025754639705597,0.004255656947647911,0.013981501145987162,0.0054027273159827005,0.014485352425620254,0.0,0.0,0.0,0.0,0.03621364480557878,0.005346321096400242,0.04624650646923164,0.012607287122055793,0.0,0.0,0.0,0.0
G3.1.2,0.7537499999999999,0.6140732015132891,0.02227780688152966,0.9735962301587302,0.9623538165266107,0.9359500466853408,0.9988965503410137,0.0047317195501522715,0.9984726766206249,0.00608315242720008,0.9973692269616385,0.009199437184420189,0.0,0.0,0.0,0.0,0.5393749999999999,0.6351666789188278,0.06532480827686392,0.39901809055498344,0.0,0.0,0.0,0.0,0.07337267957258807,0.019822764486087822,0.01724093510210489,0.025685402153531295,0.040449360642414126,0.044094529504120024,0.0011339316118837747,0.004480073744744491,0.001608903619060917,0.005111809877716955,0.0018136351996642973,0.004650580491867446,0.0,0.0,0.0,0.0,0.07007056877642927,0.01638540522897073,0.06943965957491863,0.0231959570353322,0.0,0.0,0.0,0.0,0.04422292015082981,0.016668505705546777,0.03854934997854948,0.05155700957392304,0.07199612210421093,0.12219643317980326,0.002199028068051588,0.008990382082219677,0.0028691362546959987,0.011170793641238531,0.005020150722322992,0.016569380603846287,0.0,0.0,0.0,0.0,0.08511550974998619,0.008777496934456676,0.051019233368438624,0.021699479836115018,0.0,0.0,0.0,0.0,0.04626964323572069,0.013972295877430974,0.026726114813390996,0.057601928151879235,0.07211759615106948,0.0766960902499408,0.0026147649069216553,0.009268721730793315,0.0026890420759888233,0.007602739754675288,0.00323162379315801,0.00730065750220342,0.0,0.0,0.0,0.0,0.03584396393775213,0.01263726350650815,0.041694933544112966,0.013395268358074404,0.0,0.0,0.0,0.0
G3.1.3,0.7508749999999998,0.6107890256019541,0.00937492034520107,0.9752728174603174,0.9566315404366875,0.931904357897005,0.9996472871585249,0.0023662284032308443,0.999407421151246,0.0036690226361277742,0.9990547083097712,0.005220629456183566,0.0,0.0,0.0,0.0,0.537625,0.6340090124854492,0.05548098737740617,0.40394959544320863,0.0,0.0,0.0,0.0,0.07919702957836129,0.01885367707820901,0.008138765213126653,0.03638431283190475,0.046134671180887585,0.05538827439048242,0.0005323428840068062,0.0032065270831839053,0.0006222879823675871,0.0034554492925369306,0.000778532131489743,0.003712695149925457,0.0,0.0,0.0,0.0,0.07507727263267473,0.013949064669551432,0.06515071630246635,0.02114995873362901,0.0,0.0,0.0,0.0,0.0574617263924432,0.010709347536037797,0.016061800959687362,0.04219766928173819,0.08377239400325434,0.12246805432277966,0.0006113074617681898,0.003924926872266097,0.0011487745863121162,0.006428031256128895,0.001725292519763813,0.00861083570300133,0.0,0.0,0.0,0.0,0.06319163974240048,0.009702415481954002,0.042510195607304666,0.017633483942333276,0.0,0.0,0.0,0.0,0.04636470503549492,0.013458297892891371,0.01379000005021481,0.06096457999289768,0.08706326773371019,0.10036699393960835,0.0009202025095024656,0.0049425534767048515,0.0011657205997558687,0.005587861883814177,0.0014242883094477523,0.006066218797994115,0.0,0.0,0.0,0.0,0.03697246736390425,0.007758724354821172,0.044798404688786424,0.01776710942006121,0.0,0.0,0.0,0.0
G3.2.1,0.97175,0.7033266123588643,0.0017191142191142193,0.9953125,0.99825,0.9935625,0.9998444264069264,0.0006605279012842912,0.9999326923076923,0.0003365384615384616,0.9997771187146187,0.0009970663628227528,0.0,0.0,0.0,0.0,0.6535,0.5981503031483298,0.0036458333333333334,0.30026558066611586,0.0,0.0,0.0,0.0,0.018052006764779364,0.014749765369784559,0.003844056255025862,0.010481568644530264,0.003913118960624633,0.014394687605154898,0.000347873129616443,0.0014769852883069457,0.0001505045754086413,0.0007525228770431985,0.0004983777050250843,0.0022295081653501444,0.0,0.0,0.0,0.0,0.07784492643062425,0.014664179253595123,0.008152331167967984,0.018988294244956055,0.0,0.0,0.0,0.0,0.03511409973215886,0.009403665647105314,0.0038120975798976325,0.01874999999999999,0.005259911279353146,0.01901917891673208,0.0006222943722943575,0.0026421116051371647,0.00020230427997511877,0.001011521399875609,0.0006370545778398485,0.002744030633303933,0.0,0.0,0.0,0.0,0.06012653324448365,0.007169632715966426,0.008817764806938105,0.011444082397259824,0.0,0.0,0.0,0.0,0.016544890103855358,0.009572889119497573,0.008524109325513542,0.04192627457812106,0.011761519176251567,0.04252817693404378,0.001391492518465772,0.005907941153227783,0.00045236612216353054,0.002261830610817609,0.001424497341427363,0.006135839028409393,0.0,0.0,0.0,0.0,0.04390343863842646,0.013793301158238715,0.01971712151791891,0.010957748080819852,0.0,0.0,0.0,0.0
G3.2.2,0.9732500000000001,0.7023646424122694,0.009035968057707188,0.9936111111111111,0.9872222222222222,0.9808333333333333,0.9997439645477085,0.0011136411141314645,0.9994329140062835,0.0021171286420593053,0.9991768785539921,0.003064963358855183,0.0,0.0,0.0,0.0,0.644,0.5976192065426496,0.0004807692307692308,0.29884574098941646,0.0,0.0,0.0,0.0,0.019172677616891804,0.012514001221128309,0.011221901271761765,0.011265952372000182,0.020342759625071344,0.021592089823242983,0.00046201318633678004,0.001981427853188656,0.000912169297304242,0.0031252723472958432,0.0009625469799625877,0.003361933451681753,0.0,0.0,0.0,0.0,0.07690268003049293,0.014358864994600222,0.0010750326814902835,0.018981017339188423,0.0,0.0,0.0,0.0,0.027730849247724114,0.007525834942232956,0.01885134231620024,0.016367688736284688,0.025972445037665756,0.03930151464635862,0.0006335576355879196,0.0026678624347367024,0.001146062157219656,0.004276962662350946,0.0016712294609471268,0.005865969758399894,0.0,0.0,0.0,0.0,0.053101161318123105,0.013101424882351399,0.0019230769230769232,0.014062758665981681,0.0,0.0,0.0,0.0,0.015250212955845948,0.011845792714234037,0.022852895220794686,0.02609746686899719,0.040670097826959774,0.042161564884907174,0.0010462609303627354,0.004357206865991282,0.0018275599334836381,0.005721616874000565,0.0018779882118835345,0.006117772243990008,0.0,0.0,0.0,0.0,0.04209960005039005,0.010634687594891857,0.004300130725961134,0.017506020418713093,0.0,0.0,0.0,0.0
G3.2.3,0.96925,0.6964303284817589,0.0016658704019663303,0.99625,0.9907142857142857,0.9869642857142857,0.9999505148990107,0.00042776657672646227,0.9998753527891628,0.0010683427576830007,0.9998258676881736,0.0013235441970522596,0.0,0.0,0.0,0.0,0.6471250000000001,0.600827861917742,0.005165343915343915,0.30964077608729923,0.0,0.0,0.0,0.0,0.03254813435582227,0.016074669419455238,0.002265646232390768,0.00838525491562421,0.010280605658452496,0.017676634783632652,0.00011065204968551534,0.000956515144062749,0.00013892631954098953,0.001186270009281895,0.00023662563231899143,0.0016959946076596172,0.0,0.0,0.0,0.0,0.07120383112778363,0.012960593550120381,0.00959254983337591,0.020127696580145543,0.0,0.0,0.0,0.0,0.023775337361784523,0.005909380482010164,0.003398070130710512,0.008062257748298511,0.022094417061921355,0.026309900880728185,0.00010657933683516313,0.0009200694423366859,0.000297039589527283,0.002543794809144736,0.00035557682968130947,0.0027251426363245823,0.0,0.0,0.0,0.0,0.06420371224988992,0.011101479990512945,0.013221400704082882,0.008857531173060696,0.0,0.0,0.0,0.0,0.03604617705044967,0.01592466003879495,0.004294212223131887,0.01802775637731994,0.02241046801927568,0.03288877733567632,0.00023831864216019194,0.0020573378170851524,0.0003035743895492982,0.002588744068215438,0.0004435178624433918,0.0030843277593769493,0.0,0.0,0.0,0.0,0.038901783098479456,0.008620980409384306,0.02340518776111872,0.016243801612097854,0.0,0.0,0.0,0.0
G3.3.1,0.9503750000000002,0.7068187808267529,0.0024487489161402203,0.99625,0.9975,0.99375,0.9998441564474173,0.0006070325644706815,0.9999056267806268,0.0004764503336065035,0.9997497832280441,0.001083482898077185,0.0,0.0,0.0,0.0,0.3752499999999999,0.603052407854402,0.016790849673202615,0.28657951658330194,0.0,0.0,0.0,0.0,0.032416366906250174,0.010491719474811955,0.003069907535632405,0.005590169943749472,0.005590169943749473,0.008024210137712708,0.00022909640603022952,0.000848789371023966,0.00021102493377402187,0.0010653753338465944,0.0003163852832180646,0.0013307064188871703,0.0,0.0,0.0,0.0,0.07439335968026103,0.016287647546299727,0.031501480386535816,0.025765444406853265,0.0,0.0,0.0,0.0,0.03876918879729105,0.014157626555479528,0.008035024507328698,0.014999999999999984,0.0068313005106397,0.020289570391377614,0.0006233742103307073,0.0024281302578827257,0.00025792918262793475,0.0013019712913323834,0.0008243119708045033,0.003457560019838359,0.0,0.0,0.0,0.0,0.05432188018346445,0.010143527226205673,0.025559984906085794,0.026630455639988834,0.0,0.0,0.0,0.0,0.021720752757965325,0.006995886163513271,0.008882156838545048,0.022360679774997887,0.015275252316519463,0.023050369232983745,0.0009163856241209181,0.003395157484095864,0.0005767471857370093,0.0029112963121723924,0.0009216465449706696,0.0037238555099436115,0.0,0.0,0.0,0.0,0.04009991568381247,0.011257826423145384,0.04337787461594326,0.01713248251021774,0.0,0.0,0.0,0.0
G3.3.2,0.94275,0.7065210879940049,0.006929181929181929,0.98375,0.9984375,0.9821875,0.9986605870980871,0.0031677028669937247,0.9998724489795918,0.0004598917443193862,0.998533036077679,0.0033526298756758003,0.0,0.0,0.0,0.0,0.3675,0.6034299924125222,0.013383288304626978,0.2960651759426738,0.0,0.0,0.0,0.0,0.038913540768304125,0.017236619573174128,0.01422226142790188,0.032995892328969476,0.003493856214843421,0.0364897485438129,0.0028629629949190605,0.006440374838160262,0.00028521275223211684,0.0010283492025891002,0.0031481757471511773,0.006853884200449076,0.0,0.0,0.0,0.0,0.07158963757057901,0.017620394439906355,0.018514601246468722,0.03257116105191088,0.0,0.0,0.0,0.0,0.03952973564293088,0.01145289751853326,0.01714878719150454,0.04900680224893954,0.006250000000000005,0.04969804657462235,0.004393143739173139,0.009544052251594558,0.0005102040816326592,0.0018395669772775449,0.004436379455295288,0.009639837161580135,0.0,0.0,0.0,0.0,0.06833837379784023,0.007982473193853177,0.021295762739900453,0.012584216322585657,0.0,0.0,0.0,0.0,0.032168080989262736,0.01515696072310441,0.03397931603512316,0.09663689337950968,0.013975424859373682,0.09851259547873353,0.00930122360693804,0.01884482527112656,0.0011408510089284674,0.004113396810356401,0.009407542927815385,0.01910188850642432,0.0,0.0,0.0,0.0,0.030450813541633828,0.011943512359155042,0.028718350459500927,0.024766597346449173,0.0,0.0,0.0,0.0
G3.3.3,0.9466249999999998,0.7083261359605765,0.0026680673337035775,0.979375,0.9932142857142857,0.9725892857142857,0.9996860672426414,0.0019608875759764884,0.9998806208228905,0.0009186128821901682,0.9995666880655321,0.0024607376159458704,0.0,0.0,0.0,0.0,0.35912499999999986,0.6058007862205498,0.011283632355830634,0.28923538496374523,0.0,0.0,0.0,0.0,0.0388245711139831,0.013018410518966118,0.0026344812780183745,0.026062924445287898,0.00831349109343275,0.03085184303978742,0.0004157937890506991,0.002361212334665933,0.00014890956301785398,0.001088799541072104,0.0005199019275300066,0.0026164653634493194,0.0,0.0,0.0,0.0,0.07622542359510971,0.015398138847545218,0.019324571035674355,0.028726388680219286,0.0,0.0,0.0,0.0,0.04255016647049298,0.012605335668960226,0.0068306027345778585,0.05519284373902108,0.022372845542913744,0.07683398261416456,0.000864066021429736,0.005088497988287906,0.0004007621374378746,0.0030431866758322892,0.0012544445563195752,0.006686782296560666,0.0,0.0,0.0,0.0,0.06176501167057825,0.011110223586761675,0.021050104914895947,0.02729278390635605,0.0,0.0,0.0,0.0,0.03433408689630399,0.007414490649066382,0.006572357140856312,0.07263221668550278,0.024069471979774937,0.08936099991174593,0.0012028076251679178,0.006421643933911497,0.0004432465607390759,0.0031475870715655364,0.001576972360604084,0.00729412045502883,0.0,0.0,0.0,0.0,0.03693684408458797,0.008010331227498441,0.032049236757402816,0.01812995490985016,0.0,0.0,0.0,0.0
G4.1.1,0.74875,0.6076890384815641,0.01255465487343023,0.9775694444444445,0.9794444444444445,0.9570138888888889,0.9990453826944129,0.0036813776361041403,0.9990956622240812,0.003849395737702593,0.998141044918494,0.006552586011007046,0.0,0.0,0.0,0.0,0.501375,0.5703962346136429,0.011534038426367677,0.40766803171246946,0.0,0.0,0.0,0.0,0.08501368475817202,0.014546829135242292,0.01030458853892491,0.03675745099128722,0.019029864645618778,0.03733198182841416,0.0015888942598070034,0.005908888039682,0.0008260909952320566,0.003692049066658774,0.0018176899116223797,0.005970272581700759,0.0,0.0,0.0,0.0,0.09348816109472108,0.015086105681545798,0.018269797317749536,0.022505912838175275,0.0,0.0,0.0,0.0,0.05539614908396917,0.016864276500339836,0.028592029932477094,0.042903315075229854,0.05757764483881905,0.09674493957480843,0.0018902102915191086,0.006868023528866521,0.0024915765748858535,0.010319867083341091,0.004258222064235672,0.01356759885643837,0.0,0.0,0.0,0.0,0.054222842664938424,0.010030997332706387,0.021339626653554006,0.011457391523762975,0.0,0.0,0.0,0.0,0.07922237666274619,0.009049500717658237,0.01762043804035172,0.06966386772346359,0.03254053591129411,0.06550795371594226,0.0031251782948725857,0.010904531687917812,0.0015328545982404844,0.006495138968996548,0.0035324372629001286,0.010208660451024632,0.0,0.0,0.0,0.0,0.07109590694362072,0.009572820148586661,0.03841001245750992,0.013295213645158038,0.0,0.0,0.0,0.0
G4.1.2,0.7416249999999999,0.6058332084891781,0.01740790550029681,0.9911407934385876,0.9709002976190476,0.9620410910576351,0.9996202786570851,0.0017917500852389955,0.99885806854344,0.004848530526104781,0.998478347200525,0.006330930466808873,0.0,0.0,0.0,0.0,0.48974999999999996,0.5719429364225743,0.0045036201615148985,0.4108610212245235,0.0,0.0,0.0,0.0,0.07423499329123745,0.02504244086546321,0.024707991707673863,0.01673391231798374,0.03611227793973625,0.04447413358729514,0.0007146011263165896,0.0033770542364118324,0.0014155034966418722,0.0060662865790600436,0.00182646553085888,0.007503762546563602,0.0,0.0,0.0,0.0,0.08062127206960748,0.012583577253198636,0.008655336886811334,0.02952680376818859,0.0,0.0,0.0,0.0,0.051594411842110714,0.025560506353065695,0.032468275768580704,0.016519565491888138,0.053318286329194504,0.0660790908987307,0.0007248412159460113,0.003376162875641106,0.00205488674023381,0.008521118690304204,0.0026051712186015174,0.01044655795249607,0.0,0.0,0.0,0.0,0.08508152952707576,0.01276492420438284,0.009046929050425243,0.022715274961598607,0.0,0.0,0.0,0.0,0.060875091970799204,0.025215924930740034,0.04442528220870983,0.028105751208318392,0.06376313557994176,0.07177376990568483,0.001213842583219137,0.0056918903590660016,0.0024635964323867347,0.010405648330806013,0.0028312302718468576,0.011320309683738856,0.0,0.0,0.0,0.0,0.044439747852609936,0.011003073961410969,0.016188288574641073,0.028299173006918046,0.0,0.0,0.0,0.0
G4.1.3,0.7386250000000001,0.6088141011324891,0.008076643478008487,0.9521279761904762,0.9708705357142857,0.9229985119047619,0.9990768277461035,0.004859185050156984,0.9995204458930254,0.0036340225142791295,0.9985972736391289,0.007275502191985061,0.0,0.0,0.0,0.0,0.46849999999999997,0.5694891680265851,0.011621566838958144,0.4130129907357384,0.0,0.0,0.0,0.0,0.09240749493354318,0.01904802073195695,0.007951077541378557,0.06356241566927762,0.043023121768442016,0.07839802679775719,0.001447412675143737,0.006209655723355323,0.00071278328663741,0.0054692785909306275,0.0017754694463096353,0.007196877604408295,0.0,0.0,0.0,0.0,0.0913712379722036,0.01825970337839567,0.019347759025534986,0.02413672611827843,0.0,0.0,0.0,0.0,0.05876379270718779,0.012576384364754351,0.015860899829254163,0.09508928505877515,0.05864962387008155,0.1457578197529652,0.0018654140565371492,0.009585099942107739,0.0009398716566339957,0.006923905147798808,0.0027010771382307668,0.013467881447628973,0.0,0.0,0.0,0.0,0.058626501402238435,0.01254244721035445,0.022262683174194508,0.012455073391560082,0.0,0.0,0.0,0.0,0.042983468203263944,0.013957995944405555,0.013980407786505632,0.12699941149643315,0.07613075816271127,0.14039980332968244,0.0031457487826727863,0.012434925045209006,0.001212648221068699,0.009390650129568271,0.0037361994910980858,0.013462070113805387,0.0,0.0,0.0,0.0,0.04551977588025598,0.02038671578190673,0.036857553131558744,0.018728941835230387,0.0,0.0,0.0,0.0
G4.2.1,0.9677499999999999,0.6944551008728411,0.0031472162097162092,0.9918055555555556,0.9967013888888889,0.9885069444444444,0.9996552395649618,0.0014846649341445726,0.9998670150579874,0.0006483207968865951,0.9995222546229491,0.0021329857310311675,0.0,0.0,0.0,0.0,0.526125,0.4758628789716252,0.0008333333333333333,0.3232386041412261,0.0,0.0,0.0,0.0,0.026081973629490003,0.013816554286775829,0.006138927306850096,0.016044378989000303,0.007375918675780559,0.022833893851316938,0.0006753987814894884,0.002861766479464993,0.00029736337032430896,0.0014496893730652609,0.0009403426432374549,0.004176475405363435,0.0,0.0,0.0,0.0,0.07479385635939942,0.01330451133499699,0.0018633899812498247,0.025320486800797147,0.0,0.0,0.0,0.0,0.02311565126344777,0.0074972121077934864,0.0059792734306900385,0.017623754078485404,0.007672485043906625,0.02384510953992859,0.000741513706634183,0.0032279502119373876,0.0003049877235695218,0.0014970916671187698,0.0009841285356540599,0.004538445197415585,0.0,0.0,0.0,0.0,0.12255604160274323,0.013230046595318758,0.003333333333333333,0.029478404936326422,0.0,0.0,0.0,0.0,0.02428400080361471,0.009450793600497802,0.011515088147729016,0.03558310231634141,0.017156198114525727,0.047439871632319254,0.0014977805740270175,0.006342162585848696,0.0006819732822043207,0.003347598736226056,0.0019519767800098072,0.008880051448792536,0.0,0.0,0.0,0.0,0.047570344273319715,0.008767941778503935,0.007453559924999299,0.019620493501902935,0.0,0.0,0.0,0.0
G4.2.2,0.9674999999999998,0.6978966776462956,0.002484605911330049,0.9986111111111111,0.9961111111111112,0.9947222222222223,0.9999537037037037,0.00024931318551548636,0.9998461161284438,0.000755829287373909,0.9997998198321474,0.0010051424728893953,0.0,0.0,0.0,0.0,0.529625,0.4693374574000345,0.001568627450980392,0.3125176433404163,0.0,0.0,0.0,0.0,0.02723115372721768,0.017242584257133833,0.00480882040792495,0.0031056499687497096,0.008695819912499183,0.009522514054625918,0.00010352166562498914,0.0005574812304996434,0.0003440947974407021,0.001690085665953284,0.0003688281976954992,0.0018311208414048363,0.0,0.0,0.0,0.0,0.08693545729743496,0.027889914981779014,0.003507557611764376,0.03290793898076554,0.0,0.0,0.0,0.0,0.02563851269737257,0.007143172275780885,0.00578679473951326,0.005555555555555536,0.00837397496951853,0.012195256448119115,0.00018518518518520488,0.0009972527420619454,0.0003392868877754564,0.0016400880545597294,0.0004525013537819799,0.0022926946648233505,0.0,0.0,0.0,0.0,0.12026463874860861,0.027978520581917684,0.00429586319611895,0.02399485620180092,0.0,0.0,0.0,0.0,0.01989208932709048,0.013619787863758323,0.011662337301115275,0.012422599874998838,0.018724777273725242,0.020617643109884298,0.0004140866624999565,0.0022299249219985737,0.0007586685449402297,0.0036673483790809385,0.0008071461727100543,0.003969411979502995,0.0,0.0,0.0,0.0,0.061997645241183015,0.05015747411634204,0.00960584212856148,0.04244734485822831,0.0,0.0,0.0,0.0
G4.2.3,0.976125,0.6967094363325563,0.0020313274698249935,0.9945486111111111,0.9902898550724637,0.984838466183575,0.9999239575518641,0.0006389095807444717,0.9998628615628546,0.0009503714912508541,0.9997868191147188,0.001377021755469382,0.0,0.0,0.0,0.0,0.5371250000000001,0.4762690564908779,0.0013888888888888887,0.31562021893766273,0.0,0.0,0.0,0.0,0.02216640707147173,0.014579726844222124,0.0033817280194948993,0.00991072030071963,0.0164667233704959,0.025376416004639864,0.00013821347787942818,0.0011607226815450228,0.00023036535053841053,0.0015326146310379602,0.0003538114388095527,0.0023120924182380024,0.0,0.0,0.0,0.0,0.0875336508140477,0.01367670938084732,0.003105649968749708,0.025665610628559904,0.0,0.0,0.0,0.0,0.023770780382646267,0.009148550800368936,0.0047630034424335724,0.012469252306630894,0.023206514668113732,0.034288002102850657,0.00017369243302080517,0.0014600259084391845,0.0003330901314257477,0.00209481094682009,0.0004885708049551428,0.002720341418858185,0.0,0.0,0.0,0.0,0.12947065304539093,0.011597155326036758,0.005555555555555556,0.024370673406377594,0.0,0.0,0.0,0.0,0.022388101543258685,0.009847231998366646,0.007220244621759823,0.021465424386351316,0.03823481229243868,0.05279959340526338,0.0002986334036433373,0.002510445275740416,0.0005413691338531185,0.003157427091053166,0.0007398515739583531,0.004134180605920812,0.0,0.0,0.0,0.0,0.06259167122582675,0.011786855637424393,0.012422599874998832,0.020757049341444848,0.0,0.0,0.0,0.0
G4.3.1,0.94425,0.7044793218721919,0.0033844159008632694,0.9936111111111111,0.9973611111111111,0.9909722222222223,0.9997437343358395,0.0012490763198100285,0.9999074074074075,0.0004853789037373745,0.999651141743247,0.0015896880376529542,0.0,0.0,0.0,0.0,0.3588749999999999,0.5721834310521667,0.008804857582031495,0.30340635184258724,0.0,0.0,0.0,0.0,0.03591694326276664,0.013706488482064468,0.005523843255551019,0.01211908589690647,0.005900734940624446,0.015112683998375391,0.00047969667080362884,0.0023505694504894017,0.00020704333124998086,0.0010853402236010961,0.0005719416380780389,0.0026242546937950643,0.0,0.0,0.0,0.0,0.0663333838501232,0.017685626414616244,0.014678598231016263,0.025687454286859642,0.0,0.0,0.0,0.0,0.04440345331915825,0.011104420276849379,0.0071046801234530685,0.012222222222222209,0.007222222222222193,0.01820719796160761,0.0005149380657491132,0.002440860423557833,0.00025301113002372067,0.0013268721011343442,0.0007221649941908704,0.0031055510855997363,0.0,0.0,0.0,0.0,0.07390433004905735,0.01058399271421927,0.01743815103131701,0.017833156207688022,0.0,0.0,0.0,0.0,0.021953847022860216,0.008934223048993991,0.010673952251807985,0.02178559143844631,0.016149379837498486,0.028487270855209624,0.000883648764588213,0.00426142795407774,0.0005657500857970183,0.00296697621558437,0.001093936161605236,0.00478821331184237,0.0,0.0,0.0,0.0,0.02631617372374569,0.010765929486470248,0.02829721555444338,0.01833067011491722,0.0,0.0,0.0,0.0
G4.3.2,0.9427500000000001,0.707405558186339,0.006081171041648983,0.9883333333333333,0.9957986111111111,0.9841319444444444,0.999474151761399,0.0017716615152103933,0.9998502322330447,0.0007743447991667037,0.9993243839944437,0.0025460063143770972,0.0,0.0,0.0,0.0,0.35849999999999993,0.5750231019430231,0.005141544117647058,0.2986995753915163,0.0,0.0,0.0,0.0,0.035231379647643585,0.016940040218900464,0.009108731280998587,0.01987615979999813,0.009394591155467867,0.023095973361573596,0.0008914362439896967,0.002771904020245555,0.00033489090775033054,0.0017314876089601717,0.0010332910156683373,0.003517634433870557,0.0,0.0,0.0,0.0,0.07444050795265744,0.017397574908807455,0.007184706393234,0.02613189280556532,0.0,0.0,0.0,0.0,0.03840746455226292,0.01215085813317307,0.012261333874267512,0.026023098318427338,0.00907891499744677,0.03084407137008876,0.0012100689595876469,0.004179010637097007,0.00033923299587918356,0.001699796241458168,0.0013436140027725824,0.004896195183639669,0.0,0.0,0.0,0.0,0.08044708405736861,0.013570405354242653,0.01551807822748291,0.01876427143132665,0.0,0.0,0.0,0.0,0.021260288818950188,0.012811570718416402,0.01819403666998718,0.04373507976037189,0.020301071096233345,0.04360133190444962,0.002063800672862474,0.0060299474018458525,0.0007585480389967397,0.0038008599437991102,0.0020422068230988816,0.006388997065820653,0.0,0.0,0.0,0.0,0.03224672842527906,0.012855232483316117,0.018352726859045855,0.021113766169283715,0.0,0.0,0.0,0.0
G4.3.3,0.9385,0.7055643220427106,0.003598303609486572,0.9736805555555555,0.9934722222222222,0.9671527777777778,0.9994000462234516,0.0032378788721771075,0.9999147996621809,0.0007406492320668974,0.9993148458856326,0.003859648354795015,0.0,0.0,0.0,0.0,0.3473749999999999,0.5706974024570648,0.012354323308270677,0.3124238336720355,0.0,0.0,0.0,0.0,0.040289473346294395,0.014766380481680273,0.0043425527286284835,0.044094723363791305,0.00927792495690274,0.04354804600560777,0.0011376223524399262,0.005657076564654589,0.00012047383679977343,0.0010497147576777864,0.001124512919567317,0.00538682523047428,0.0,0.0,0.0,0.0,0.0801676697158753,0.020196301382864566,0.02348841341927031,0.03374619050229931,0.0,0.0,0.0,0.0,0.04141819246015768,0.014189160338414957,0.007270545690675956,0.05759760904674111,0.016874628482421574,0.06911667090891217,0.0016508488437595402,0.007716328483878397,0.0002216972975746203,0.0019207423104460725,0.0017472547309590747,0.00865105143289315,0.0,0.0,0.0,0.0,0.06508545664483475,0.013691250288459833,0.02525399886475948,0.014086701102234212,0.0,0.0,0.0,0.0,0.03084167461909476,0.010533635725406413,0.011091906310298794,0.11364745633049517,0.020172924457279837,0.11118413794655156,0.003626165867610501,0.016212799054074727,0.00026274313530147083,0.002285161875991152,0.0035925342602610177,0.01589482858808439,0.0,0.0,0.0,0.0,0.04080875373186598,0.015151986552156707,0.04274409581312266,0.03133228524920793,0.0,0.0,0.0,0.0
