setting_group,avg_avg_avg_negotiation_success_rate,avg_avg_avg_trust_value,avg_avg_avg_sota1_success_rate,avg_avg_avg_sota2_success_rate,avg_avg_avg_sota2_trust_value,avg_avg_avg_sota2_unsupported_service_rate,avg_avg_avg_sota2_requirement_violation_rate,avg_avg_avg_sota3_success_rate,std_avg_avg_negotiation_success_rate,std_avg_avg_trust_value,std_avg_avg_sota1_success_rate,std_avg_avg_sota2_success_rate,std_avg_avg_sota2_trust_value,std_avg_avg_sota2_unsupported_service_rate,std_avg_avg_sota2_requirement_violation_rate,std_avg_avg_sota3_success_rate
G1.1,0.7445833333333333,0.6083148965236495,0.0,0.4979166666666668,0.5916376130808416,0.022751877224033757,0.4121286383541656,0.0,0.006036779632662759,0.002757325795515647,0.0,0.013702949804087202,0.0008641082007307987,0.0010260701214844345,0.0024740137122783853,0.0
G1.2,0.9704583333333333,0.7001215539764954,0.0,0.6084999999999999,0.5435004942122089,0.00269829592524628,0.3073127057939108,0.0,0.0011342214657346027,0.0012275899033637858,0.0,0.01438152026038976,0.003533838673652197,0.0005840785617361096,0.005339670803480599,0.0
G1.3,0.9439583333333333,0.7056115178499872,0.0,0.3364583333333333,0.5479635594565522,0.006381103058734638,0.3078937897561826,0.0,0.0018085445345175654,0.0007716238442997003,0.0,0.001830015937999865,0.006455132401679479,0.0016183849704680799,0.0022599041471321663,0.0
G2.1,0.7475416666666668,0.607178902632668,0.0,0.4872083333333333,0.5694573029284619,0.00843177653210548,0.4084885206483708,0.0,0.006817181113431869,0.0010138005589134065,0.0,0.005987399964369628,0.002669848098886676,0.0047129958632473505,0.0019511543188991754,0.0
G2.2,0.9710833333333334,0.7007411630531853,0.0,0.614875,0.5659214418611028,0.002984806939548319,0.3041266992277578,0.0,0.0034034296427770173,0.003077494201462722,0.0,0.011177544453054005,0.0015442196134092046,0.0016350405339929756,0.004023389046627757,0.0
G2.3,0.9419583333333333,0.7020948208274755,0.0,0.2984583333333333,0.47386344043823003,0.0021577380952380954,0.33342247702833755,0.0,0.007616115042023196,0.0016861425069443136,0.0,0.012607248245883489,0.00635437333489175,0.002365790639223906,0.004703976094228352,0.0
G3.1,0.7492083333333333,0.612039651537469,0.0,0.5402916666666666,0.6345811478595746,0.05780505370923237,0.4008300818310708,0.0,0.0055654252607804724,0.0017765642104394033,0.0,0.003224257020358788,0.0005789494589581649,0.006668701872022383,0.0027133274977599975,0.0
G3.2,0.9714166666666667,0.7007071944176309,0.0,0.6482083333333334,0.5988657905362404,0.003097315493148826,0.3029173659142772,0.0,0.0020207259421637616,0.0037349743264986747,0.0,0.004841767067232033,0.0017198281834885907,0.002389971518572974,0.005865762477539007,0.0
G3.3,0.9465833333333333,0.7072220015937781,0.0,0.36729166666666657,0.6040943954958246,0.013819256777886743,0.29062669249657364,0.0,0.0038126707612032465,0.000967724020899766,0.0,0.008064518481182475,0.001489788409037902,0.0027793725960093573,0.004893489129311363,0.0
G4.1,0.743,0.6074454493677438,0.0,0.48654166666666665,0.5706094463542675,0.009219741808946906,0.41051401455757713,0.0,0.005200661015678645,0.0015053012921057538,0.0,0.016670676600946177,0.0012407011203525264,0.00408451562009319,0.002689322769822334,0.0
G4.2,0.9704583333333332,0.6963537382838977,0.0,0.5309583333333333,0.4738231309541792,0.0012636165577342047,0.31712548880643504,0.0,0.004909068988447248,0.0017481428712379005,0.0,0.005619905100029196,0.0038900122711954723,0.0003833200067519152,0.005516713528587534,0.0
G4.3,0.9418333333333333,0.7058164007004137,0.0,0.35491666666666655,0.5726346451507515,0.008766908335983077,0.30484325363537973,0.0,0.0029825883613621867,0.0014793148680421085,0.0,0.006533965743201741,0.0021978659269337275,0.0036065393415475183,0.006974046989316704,0.0
