setting_name,n_services,n_trust_attributes,execution_id,negotiation_avg,negotiation_std,negotiation_median,dynamic_trust_avg,dynamic_trust_std,dynamic_trust_median,dynamic_analysis_avg,dynamic_analysis_std,dynamic_analysis_median,dynamic_planning_avg,dynamic_planning_std,dynamic_planning_median
G2.3.1,10,10,0,0.00187450880959584,0.0026020081983725786,0.0014890839956933632,0.005352416260066093,0.002413102136470367,0.004059312501340173,0.00020209325443381262,0.0003416318238470521,0.00015458399866474792,0.0036584959431180592,0.0017134219091999576,0.0029002910014241934
G2.3.1,10,25,0,0.004539409796650164,0.00266981481918128,0.003613583499827655,0.012331975019915262,0.005686512350507824,0.010120166498381877,0.0006660276539433666,0.0007766607175526083,0.0004910419957013801,0.009525409961273767,0.0030956216140710416,0.007781833497574553
G2.3.1,10,50,0,0.009685734485901775,0.005149724433450929,0.0072785830016073305,0.026572348379922915,0.008109453680570304,0.02333814550001989,0.0016324553249960916,0.0026890023702581456,0.0010144589978153817,0.01801757213458464,0.004018453062913199,0.0163082500002929
G2.3.1,10,100,0,0.014487257779766751,0.005048115626164282,0.011824604502180591,0.07803057917975821,0.018072677759505544,0.07420895850009401,0.00360223619488011,0.0014671690972087406,0.00313987499976065,0.06145074512023711,0.01280352644090776,0.06087118749928777
G2.3.1,25,10,0,0.005351223415183475,0.002468644957334245,0.004497687499679159,0.023315698310034348,0.010229295082572108,0.018098542001098394,0.00256066023290803,0.001591372862022888,0.0020759580002049915,0.0186436238270835,0.007502336793066841,0.016320542003086302
G2.3.1,25,25,0,0.0170532999998639,0.004745318517440166,0.014313040999695659,0.038298124599532454,0.009051284495924567,0.03292289599630749,0.004431334006583152,0.0022395843235717295,0.0033817289986473043,0.028416344099823618,0.0055748838198187555,0.026224228997307364
G2.3.1,25,50,0,0.03794250248014577,0.009877428285600162,0.03488131249832804,0.10338491831993452,0.025710156861780305,0.09708837500147638,0.013428545298474523,0.005693449054649791,0.010886750002100598,0.10577753666075296,0.13451762335355993,0.07013881250531995
G2.3.1,25,100,0,0.054517228299664565,0.01036051088152969,0.05392018799830112,0.24360270122975636,0.14746916505641045,0.22062164550152374,0.02804352821971406,0.007720486100941222,0.026232687501760665,0.18309771407963127,0.04512337868177108,0.16720579149841797
G2.3.1,50,10,0,0.030773631907558645,0.022623667430970624,0.02719789600087097,0.04311004499038972,0.011018448202221065,0.041595875001803506,0.006519889772111099,0.00201887628216097,0.005349250001017936,0.03824221339949872,0.014653316891336237,0.034677354498853674
G2.3.1,50,25,0,0.06342868000137969,0.012731189598970283,0.05856233349550166,0.14080959587052347,0.026845948467733992,0.13657385449914727,0.04066861305312029,0.07311947180660028,0.023211416497360915,0.10316418757996872,0.03379280178847977,0.0938609994991566
G2.3.1,50,50,0,0.13247285416015075,0.02210169552201345,0.129914478999126,0.31971878290976746,0.15783250930594955,0.28343479150134954,0.053464314980810744,0.021163449145445223,0.04889385400019819,0.22578520420065615,0.0579147243741435,0.20492885400381056
G2.3.1,50,100,0,0.18788230915975873,0.04238730038360873,0.17845995799871162,0.6865308366102545,0.15065967779758097,0.64455902050031,0.14432499493879733,0.050775305538988624,0.131056541496946,0.4793795158807188,0.11420322269192494,0.4650423955026781
G2.3.1,100,10,0,0.12350445001982735,0.1363847016683987,0.08907168699806789,0.1660499704504764,0.03645845927182951,0.15892422949764295,0.0321561142198334,0.007335450615599331,0.028911812496517086,0.11229668910003966,0.027197086200711183,0.10633591650184826
G2.3.1,100,25,0,0.2583186541205214,0.0401909881812208,0.25388781200308586,0.4877368900302099,0.08890302926648141,0.4602147914956731,0.1020120508398395,0.014753970777747344,0.10043745849907282,0.3899974291404942,0.1465854947934806,0.3295972295018146
G2.3.1,100,50,0,0.6001667492598063,0.12361280168277525,0.5621724169977824,1.0942046178901363,0.20597125298982774,1.0321845414982818,0.262053329180344,0.04969608924069273,0.2523315829967032,0.7288739650812931,0.08649793433757284,0.7265633749993867
G2.3.1,100,100,0,0.7083897091604012,0.1428588435735463,0.6714258125030028,2.520386313319905,0.3567051968352578,2.454510624993418,0.48564150252059335,0.05515450631291198,0.4781906874923152,1.6470054342210643,0.2265913623253411,1.5835242710018065
G2.3.2,10,10,0,0.0016273918747132506,0.0008527322994932805,0.0012931669989484362,0.007055957510019652,0.0024739548298594915,0.005619604500679998,0.0003791717733124604,0.00022365172051080982,0.00032620799902360886,0.005177966370265881,0.001989000759147068,0.004315958001825493
G2.3.2,10,25,0,0.004064339968178819,0.0014797080888210158,0.003572375004296191,0.017187011239657296,0.010923306370136533,0.013561228995968122,0.00016122732435609486,0.00015131052893090172,0.00013758299610344693,0.010847418541868506,0.007756936619389269,0.008824416996503714
G2.3.2,10,50,0,0.006662748747219345,0.00232739750786698,0.0059557294989645015,0.038060745848633816,0.013535168846870584,0.034695124995778315,0.0018631982614616877,0.0007763834320776506,0.001591353997355327,0.02297305767402017,0.0047869719203266475,0.01996616650285432
G2.3.2,10,100,0,0.014623692141065155,0.0045017056257203175,0.011927958999876864,0.0679917045601178,0.02313613002526104,0.062826416498865,0.005058648770848018,0.004606801095855477,0.003275270497397287,0.04631117414042819,0.00948106316954868,0.041404833500564564
G2.3.2,25,10,0,0.007253680370623068,0.0026137504396456664,0.00597835450025741,0.020308412429440068,0.014368422045998978,0.014881978499033721,0.0016946818223761654,0.0009633045166144231,0.0014296669978648424,0.015093756589646403,0.0075273355286655024,0.013158624999050517
G2.3.2,25,25,0,0.01892522160316788,0.006480360305496832,0.016018750000512227,0.05040658454003278,0.008749627342851795,0.04876506199798314,0.006475425313840168,0.002763715830606,0.005039707997639198,0.03933722823989228,0.01240921086595297,0.03484331250365358
G2.3.2,25,50,0,0.043794998240482524,0.012991428998811581,0.04120120849984232,0.09952107426011934,0.021493331334583914,0.0941018960038491,0.011917203529474837,0.0042146640064357485,0.009759813001437578,0.07459274748005555,0.014903518655763929,0.07032600000093225
G2.3.2,25,100,0,0.08066274924014578,0.013707008926681443,0.07712466700104414,0.2195047403798526,0.056720795231727836,0.20924214550177567,0.04203260051044887,0.014848825598172683,0.03798429200105602,0.16470293426071295,0.03263955865689869,0.160180646002118
G2.3.2,50,10,0,0.024513957540038975,0.0055486673355318004,0.020990354001696687,0.056519595429563196,0.018176254626517285,0.05104125050274888,0.008315027349973596,0.00259659038039223,0.007254395502968691,0.04595906166010536,0.014136037907511842,0.041784020999330096
G2.3.2,50,25,0,0.0784086124402529,0.038973820749837795,0.06369760449888417,0.13892382794998412,0.027908069490383117,0.13120662549772533,0.02213980803558765,0.004484655863619009,0.020184375000098953,0.10485927924048155,0.030805130157768607,0.09608647950153681
G2.3.2,50,50,0,0.14810030669992558,0.07056728027569564,0.1371198960005131,0.30802691793978737,0.07237323370313231,0.28687977099616546,0.054073412501311396,0.015932695629119652,0.047412520500074606,0.2259294000393129,0.04636206373877394,0.21879202149284538
G2.3.2,50,100,0,0.1819229299610015,0.0341876094613641,0.17488866700296057,0.6797609842105885,0.10078324350176653,0.6589120624994393,0.11287773749994813,0.019388356568058235,0.11018239599798108,0.5039027833804721,0.06575117784558474,0.49127510450489353
G2.3.2,100,10,0,0.10287346011973568,0.027762249971396348,0.09769158300332492,0.18417661250125092,0.05084735961178297,0.1694286040001316,0.03748829828138696,0.008821848496150525,0.03486287450505188,0.14911896086094203,0.04787331742396204,0.14154866699391278
G2.3.2,100,25,0,0.2529016075396794,0.05771346835956494,0.2321480624996184,0.46190429382026194,0.1155913553014741,0.42818687499675434,0.08735345752065768,0.012712095345877016,0.0835842290034634,0.3392596183400019,0.07281974117077801,0.32544987450091867
G2.3.2,100,50,0,0.5468181716788968,0.09803324432241077,0.5250655415002257,0.9599514762096806,0.16437549358563894,0.933681020505901,0.2281833732998348,0.041041037211627864,0.22568618750665337,0.6742171366204275,0.09559550327731185,0.6642591670024558
G2.3.2,100,100,0,1.3117928975199176,0.3209374772780686,1.214247958501801,2.2514249962510076,0.2785132486970252,2.2062215209953138,0.5144585599811399,0.08217078323247094,0.5034861250023823,1.57136067995918,0.39645249897544715,1.4905567914975109
G2.3.3,10,10,0,0.0019609560529715965,0.001366700167430895,0.0015789165045134723,0.0067240274895448236,0.0029465941720483576,0.005228270500083454,0.0003351795545489583,0.0003579150226096307,0.0002553749945946038,0.004709342414543982,0.0019637112024430527,0.003813290997641161
G2.3.3,10,25,0,0.004498748488754996,0.00273584608049144,0.003305749996798113,0.017346286298852646,0.005729669061881973,0.015326334003475495,0.0010401834272654182,0.0007823484810097816,0.0007930000138003379,0.01403477035011747,0.004236160304933932,0.012853187501605134
G2.3.3,10,50,0,0.008916495971147121,0.0026164770841206986,0.007491187498089857,0.03067288784077391,0.013429813182855715,0.026547291505266912,0.0006178680239979251,0.003293339370183885,0.00033416699443478137,0.02019269137309817,0.004520768171371031,0.017594041986740194
G2.3.3,10,100,0,0.028374709559369982,0.026576599902864678,0.02042318700114265,0.06317400287938653,0.020031265008040325,0.0588918124922202,0.003624756407561318,0.0030095843982541836,0.0026354169967817143,0.05286830166063737,0.020317892109262478,0.0510452080052346
G2.3.3,25,10,0,0.010490955955579528,0.012340239492996131,0.007868978995247744,0.021614115409902296,0.007081190182259784,0.019498292007483542,0.0024925370123955333,0.0014724751759479999,0.001828354004828725,0.015669324771390318,0.0031924914421201664,0.015205374991637655
G2.3.3,25,25,0,0.01680875945374172,0.003971865866771333,0.015576125006191432,0.052538016179314584,0.018625153749784237,0.04571812500216765,0.005409427249871537,0.0022259797442489007,0.004451833498023916,0.04481982080062153,0.015558744320061777,0.04130193800665438
G2.3.3,25,50,0,0.03922494662110694,0.0067773645464005786,0.03721429200231796,0.10232862420016317,0.01999010143296014,0.09740806249465095,0.012996468786404522,0.0039538383893835865,0.011545790999662131,0.07448181921994547,0.018253156542385077,0.0730246460007038
G2.3.3,25,100,0,0.08976027911907294,0.022462525998108544,0.0858504790085135,0.2046908616507426,0.04531130404666947,0.19009566699241986,0.025930685135300828,0.008510176667084195,0.023892666496976744,0.1478775374797988,0.019833507158572915,0.14526433349237777
G2.3.3,50,10,0,0.028550048260367476,0.009217681199055826,0.026664791505027097,0.05876162041095086,0.019887612215236827,0.054286791499180254,0.009813477445277385,0.007715662057367026,0.006924291999894194,0.0470416799603845,0.014922678253747637,0.045876249503635336
G2.3.3,50,25,0,0.06309989081870299,0.014391707404949489,0.0546439584941254,0.15451752416978706,0.03040034170681831,0.1470854790022713,0.036630715059873184,0.010657426475621385,0.03434535399719607,0.10203919159976067,0.0182314898757908,0.09667131200694712
G2.3.3,50,50,0,0.16857634760002838,0.0492200700861163,0.159413103996485,0.3030991971606272,0.036308231315736184,0.299117667003884,0.05894268323929282,0.01622271472867875,0.054528603999642655,0.25023379000107526,0.0788752499892709,0.23216222900373396
G2.3.3,50,100,0,0.32025068257993555,0.05293233228294554,0.30699395800183993,0.6399529807592625,0.10353615479317083,0.6058052500011399,0.13174337834119798,0.04073369167853124,0.12374377100059064,0.4868271508195903,0.07384049113565348,0.4824676249991171
G2.3.3,100,10,0,0.08739223158016102,0.026345690932166817,0.07982506250118604,0.16284512875106885,0.029484451234757944,0.15772314600326354,0.03322061503917212,0.007528763255379761,0.03141683350986568,0.13298454660049175,0.051904609365878186,0.11733545850438531
G2.3.3,100,25,0,0.260555336761463,0.052657107338251186,0.2484127295028884,0.441009610810288,0.07943755536490257,0.4267505834941403,0.08787906000070507,0.013237180490875461,0.08560927100188565,0.327139907500823,0.0555432794011997,0.3168815414974233
G2.3.3,100,50,0,0.6410854841998662,0.1416788156203464,0.6034439579962054,1.0296425888300291,0.1479144173161555,0.9927764170060982,0.26767693668196446,0.053355579236553784,0.25962931249523535,0.7111467575197458,0.0866634503489676,0.7008872500009602
G2.3.3,100,100,0,1.272130273421353,0.13830740256882323,1.2770576045004418,2.3982658479109524,0.3084247977006254,2.357735749501444,0.5291018258995609,0.08683202616237656,0.5126928124955157,1.4511281507799867,0.13955514238914318,1.414784916494682
G4.2.1,10,10,0,0.0021681354649149545,0.0018680042141470798,0.0016246250088443048,0.007631276239844737,0.004250736819256397,0.005944436998106539,0.00031391892142296267,0.00020566044908215707,0.00026775000151246786,0.006254469049468697,0.004604781590807447,0.0039150829979917035
G4.2.1,10,25,0,0.006056547590979759,0.004520466821514226,0.004056124991620891,0.017332990870636424,0.009396476530973199,0.013556687496020459,0.001044461496748532,0.0016257301086936952,0.0006509590020868927,0.011697821975343558,0.003950027941124294,0.010016228996391874
G4.2.1,10,50,0,0.008083041188878912,0.002810688356827757,0.006773833003535401,0.03507259624893777,0.009557740435462475,0.03286908349400619,0.0018100467187926966,0.0006941785462322983,0.001610833001905121,0.026356706712249434,0.010058378016752375,0.024666520504979417
G4.2.1,10,100,0,0.014515061258091865,0.004363398380805692,0.012040041998261586,0.07177019967130036,0.021057805892837206,0.06658856250578538,0.004139464563278312,0.0021209909602671316,0.0033719170023687184,0.05244390331878094,0.01635217319708794,0.04881550000573043
G4.2.1,25,10,0,0.010115808056731216,0.006828176699045678,0.0082065419992432,0.030219311258842935,0.01755207824421059,0.02405731249746168,0.0026212608676001716,0.0019766097791044696,0.0019007295049959794,0.016548721337676396,0.004160833058782367,0.014947332994779572
G4.2.1,25,25,0,0.01878230020658867,0.003475955635976908,0.01665645900357049,0.05350370669999393,0.015285756788421971,0.04908991700358456,0.005557693282735716,0.0014713013758344536,0.004959792000590824,0.037554871641041244,0.00779443188652576,0.03624256249895552
G4.2.1,25,50,0,0.029907101639255414,0.020070641339555332,0.025116437493124977,0.10794217454997124,0.025761669318397015,0.10254604149668012,0.013060597511673435,0.00371687205062977,0.011242083499382716,0.0821948699184577,0.017745486299142167,0.07680739549687132
G4.2.1,25,100,0,0.05355980913969688,0.01122841612934866,0.05101089600066189,0.2233521275492967,0.038277597090684325,0.21395543750259094,0.029696675859449895,0.007498533995850751,0.026971792001859285,0.17174426073994253,0.02908520858052575,0.16251575000205776
G4.2.1,50,10,0,0.02427158498001518,0.005718934846570903,0.021060500002931803,0.05525201670010574,0.016585819140631945,0.04650666649831692,0.010985650787487804,0.0048377693560185606,0.009273916999518406,0.04654767504078336,0.01912762804185963,0.04152018750028219
G4.2.1,50,25,0,0.0769203883598675,0.018854603374652563,0.07257370850129519,0.1599800841306569,0.039449538319654344,0.1485573334939545,0.027273566739459056,0.009127157881201319,0.022475249992567115,0.09894938581972383,0.01034418618605052,0.09824418799689738
G4.2.1,50,50,0,0.1506595758590265,0.0233092340162801,0.14841639600490453,0.32736439212996626,0.0650064684947437,0.3121221249966766,0.0654647140999441,0.043037736399918924,0.055050520997610874,0.23226950925978598,0.03216559474784418,0.2266992084987578
G4.2.1,50,100,0,0.33719485581939806,0.05798646648024439,0.33395727099559736,0.6405427008298283,0.1019679492746647,0.6151906875093118,0.1587290025196853,0.1471626388931234,0.12008241649891715,0.45418950659950497,0.061232120889630176,0.44746272900374606
G4.2.1,100,10,0,0.11149141000176314,0.02646884728843569,0.10736877100134734,0.20530597672026488,0.05553592331789664,0.1950049164952361,0.04635174503870076,0.011151679622609184,0.04379708350461442,0.1317959108611103,0.02115079879111604,0.1294953329997952
G4.2.1,100,25,0,0.28393140504078473,0.06321677493851995,0.2632481664986699,0.45820782491078715,0.07687049044522759,0.4332612914950005,0.1192424250204931,0.0429637703930806,0.10670706300152233,0.361292725840467,0.08064222378026573,0.33537300000170944
G4.2.1,100,50,0,0.3504339217208326,0.09140884149728286,0.3261008754998329,1.1125078825090895,0.1531319537700456,1.0813393335047294,0.32437870002060665,0.2529180812489676,0.2615121669950895,0.7035034849587828,0.06788163879231206,0.6872904374977225
G4.2.1,100,100,0,0.7217332801190787,0.13747895229828447,0.6711453544994583,2.569765842540073,0.4063291014969383,2.5543626664948533,0.5231747825205093,0.09611816938983496,0.5046012289967621,1.296945319219085,0.12876577860070923,1.2474498329975177
G4.2.2,10,10,0,0.0017079539396674408,0.0010358224476725642,0.001300124502449762,0.020311046249989886,0.05271750831180105,0.007156542000302579,0.0003841415708203226,0.00023519184456100616,0.00033395799982827157,0.0054960899270347485,0.0024050183039532273,0.004348832997493446
G4.2.2,10,25,0,0.004562449898882089,0.002720437829607118,0.003788333007832989,0.015479731290542986,0.008732293939846434,0.011672562490275595,0.0009192148890253127,0.0008688430877740802,0.0006531250110128894,0.011678685334213935,0.004604820802732805,0.009880749996227678
G4.2.2,10,50,0,0.009509863375248695,0.004956447163257622,0.0075749164971057326,0.032653371679771226,0.01067241675119511,0.030246999995142687,0.0018007223293545717,0.0014420859982118214,0.0013239160034572706,0.02105221258634942,0.005251391102590309,0.018335250002564862
G4.2.2,10,100,0,0.018117306570708196,0.007015869721101021,0.01577456249651732,0.07439195168990409,0.016348061743156214,0.07044293750368524,0.004351969386573087,0.0017926553784340285,0.0034499580069677904,0.04871749838115647,0.01043844827729077,0.044974062497203704
G4.2.2,25,10,0,0.007193735146866874,0.0029900470688111152,0.006419083001674153,0.02185654583023279,0.011885294200673106,0.016301416500937194,0.0020906559775034517,0.0012486406920778849,0.001759917002345901,0.016684093891295146,0.004399962714206583,0.015831500000786036
G4.2.2,25,25,0,0.018114853238951165,0.003136943393765879,0.016274082998279482,0.04997928410986788,0.007935409293450681,0.04907085400191136,0.007017170737011971,0.00255370760678323,0.005816541990498081,0.040490741719841024,0.010529773647628221,0.03911970799526898
G4.2.2,25,50,0,0.025332584978605154,0.006523186847104118,0.021889771000132896,0.11124028412930784,0.021235487361706152,0.10875379150093067,0.016338940409402692,0.006371868979713285,0.014535875001456589,0.08553719318064396,0.02398462880637574,0.08054187449306482
G4.2.2,25,100,0,0.07554139081912581,0.012052891082343161,0.07161185399309034,0.23582009001955156,0.141092225234074,0.20442735400865786,0.030403491699835285,0.009706079043041643,0.02842166700429516,0.17217656669963616,0.04793915362889753,0.1624535204973654
G4.2.2,50,10,0,0.026836940779467112,0.008917947287584129,0.025300979003077373,0.051082694219512635,0.009526882975844777,0.04866295849933522,0.008551358292730633,0.0028597716580636983,0.007271291993674822,0.03981025420012884,0.009207626428733363,0.037744229499367066
G4.2.2,50,25,0,0.07347537992143771,0.019767829352878526,0.0691029579975293,0.1467451470893866,0.02136641905641299,0.14276737500040326,0.0270177082795999,0.005540375212955868,0.026737562999187503,0.11265428672137205,0.019124981459408393,0.10908010350249242
G4.2.2,50,50,0,0.15218934080039617,0.02923754557251483,0.1478824374935357,0.3607495325592754,0.21399703598559,0.31781064598908415,0.05570501330017578,0.018391880927783218,0.052027583493327256,0.21110129753884393,0.0264527534126051,0.20587737550522434
G4.2.2,50,100,0,0.1749974090998876,0.023928072086703882,0.17067414600023767,0.6907654183002887,0.12380350070615047,0.6636380619966076,0.11404536085989093,0.012849062495869017,0.11088141649088357,0.48422787670016987,0.06537688332620921,0.4685725415038178
G4.2.2,100,10,0,0.1145813374206773,0.04206396548065531,0.10790352050389629,0.18117322586957016,0.023241117291994892,0.1769504169933498,0.041559416601376145,0.007926073075631545,0.04105737500503892,0.1348106566790375,0.02566810188728355,0.12688860399794066
G4.2.2,100,25,0,0.2598830683802953,0.03612176154694641,0.2542273334984202,0.4714484428994183,0.09433552516043597,0.450591021006403,0.09982625416014343,0.012469863223157336,0.09673612500773743,0.3566276700410526,0.08378837403697302,0.33490252099727513
G4.2.2,100,50,0,0.5461821825202787,0.05763401818913845,0.5292185835060081,1.0876521524800047,0.17821707187146665,1.0350378125003772,0.22034010425937595,0.027278385789899533,0.21514675049547805,0.5775481299805688,0.025434765895876656,0.5747320419977768
G4.2.2,100,100,0,0.7445734974383958,0.14122244360967678,0.6957941249929718,2.419754499570699,0.3996525881575508,2.3050826255057473,0.41161934247997123,0.03095435296755304,0.4026830209986656,1.1822926274008934,0.04434782673105623,1.1725720829999773
G4.2.3,10,10,0,0.001563518168287982,0.001002381459318398,0.001308624996454455,0.006679714969795896,0.0022166631560251557,0.0056765414992696606,0.0003879613249870846,0.00018977509426165495,0.0003369999903952703,0.004965732129239296,0.0018081752231907076,0.004355999990366399
G4.2.3,10,25,0,0.00340278620327202,0.0010691035486334508,0.0030594790005125105,0.01749016706016846,0.005298714987884209,0.01585058349883184,0.0010137881768620288,0.000653940022445448,0.0008308329997817054,0.011932109818603336,0.003116929163791188,0.010196250004810281
G4.2.3,10,50,0,0.009925614551320905,0.004765318592871382,0.007710208497883286,0.03227282624968211,0.012302277885775226,0.029275353997945786,0.0016348708136812457,0.001349565433293742,0.0012957909930264577,0.021291783016781193,0.00424415785204105,0.01993127100286074
G4.2.3,10,100,0,0.01474294817494093,0.004770292584387671,0.01203079199331114,0.06628321621901705,0.014776634599839222,0.06311056249978719,0.004459644189462667,0.003630362817078037,0.0033720829960657284,0.0579376475000754,0.029706402418552144,0.05158181200386025
G4.2.3,25,10,0,0.007877228949480555,0.0025061250092001264,0.006443937498261221,0.023014134199765977,0.007003690474183952,0.020389729492308106,0.0023434283256582268,0.0022909046776953506,0.0018268954954692163,0.01612675674878119,0.004461953719584545,0.013503146008588374
G4.2.3,25,25,0,0.012401649945747087,0.0033580230745193698,0.011056082999857608,0.056557537499611496,0.014724802908175115,0.05248274999757996,0.006331455908522114,0.002036671908356,0.005438499996671453,0.039065220799820964,0.006674400218426375,0.03894941649923567
G4.2.3,25,50,0,0.03181341743824305,0.023811883414591936,0.02509208350238623,0.13425045413023326,0.04221833499932024,0.1260187704974669,0.015177256669824389,0.005893735996726462,0.013411000494670589,0.09652828328020405,0.03574034235200033,0.08754783349286299
G4.2.3,25,100,0,0.06885239082126646,0.012284146271927613,0.06845935450110119,0.22630271834001178,0.03401246334343226,0.21811320850247284,0.02791620916017564,0.007969565039181834,0.025381166997249238,0.15693234169913922,0.021728544845134725,0.15163585400296142
G4.2.3,50,10,0,0.025159841579734346,0.004859282804804012,0.02361462500266498,0.051600065009988615,0.006648519187441114,0.049586479501158465,0.008743020468197452,0.0010607851454963158,0.008234958499087952,0.04785885923949536,0.019613052552111182,0.040900625004724134
G4.2.3,50,25,0,0.07652830494072987,0.02712962264439154,0.07177197900455212,0.16607585875099176,0.048539134855535425,0.1561062709952239,0.022370879581483843,0.004315372279215296,0.02050879198941402,0.08928103583981283,0.010406371646087475,0.08820027049659984
G4.2.3,50,50,0,0.13536650249967352,0.022570906259347056,0.13040779149741866,0.297536600449821,0.04480721523587375,0.285087417003524,0.057812453340447975,0.013675283298019519,0.05673562499578111,0.20803060839942192,0.023663332539342816,0.20388114549859893
G4.2.3,50,100,0,0.169590309940686,0.02514369056506002,0.16247866649064235,0.5423935070596053,0.05565065229943426,0.5278116869958467,0.10623861583910184,0.03494489244929794,0.0970772499931627,0.37369412081985504,0.0189092312120375,0.36839154150220565
G4.2.3,100,10,0,0.09186429586057784,0.015406965099827398,0.08903045849729097,0.1806163787304831,0.027196014771335854,0.17437956250068964,0.04260921993904049,0.01593582420900739,0.039241958504135255,0.1174347083401517,0.018666173477565273,0.11210558300081175
G4.2.3,100,25,0,0.31892198491899765,0.07892419318931604,0.3062516874924768,0.45809555376079514,0.058144671310258716,0.4482962500042049,0.09808731239958433,0.009894511998420874,0.09590427049988648,0.3511102991588996,0.05850386099280987,0.33745402099884814
G4.2.3,100,50,0,0.33227973498083885,0.05136285836800311,0.3204407290031668,0.9115181945599033,0.10409634382299657,0.8702858335018391,0.1991626573787653,0.011512749926887509,0.19459547950100387,0.5705697416805197,0.014718809152866079,0.566189437500725
G4.2.3,100,100,0,1.1998564090995933,0.12735912467117858,1.1625515414925758,1.8150678728589265,0.1577236627529139,1.7751281044984353,0.34913914751989067,0.010259675420699315,0.344959354501043,1.1304320391596412,0.04993534820168832,1.1154163960018195
