,SERVICES,SERVICE_DATA,MIN_ALL,MIN_ANALYSIS,MIN_PLANNING,MIN_EXECUTION,MAX_ALL,MAX_ANALYSIS,MAX_PLANNING,MAX_EXECUTION,AVG_ALL,AVG_ANALYSIS,AVG_PLANNING,AVG_EXECUTION,STD_ALL,STD_ANALYSIS,STD_PLANNING,STD_EXECUTION
G2.3.1,10,10,2.5840126909315586e-06,0.0001014590379782021,0.00030133401742205024,0.00017666700296103954,1.60830095410347e-05,0.0005059170071035624,0.0004445830127224326,0.0020354579901322722,2.7545356535130763e-06,0.0001034537948337712,0.00030471442515699667,0.00018104935576306172,9.301363240339938e-08,7.744318967753258e-06,4.480160728922764e-06,2.55786957349358e-05
G2.3.2,10,10,2.582964953035116e-06,0.00010000000474974513,0.00029799999902024865,0.0001769590307958424,3.374996595084667e-06,0.00028191704768687487,0.0037590419524349272,0.00033437495585530996,2.661978018687603e-06,0.00010245647682521524,0.00031250110117739174,0.00018091597131140048,4.9278288442361175e-08,2.3374791770911664e-06,0.00010727205296428866,3.2232704723621135e-06
G2.3.3,10,10,2.167013008147478e-06,8.141697617247701e-05,0.00023849995341151953,0.00011229200754314661,2.8329668566584587e-06,0.00024387502344325185,0.003850792010780424,0.00031825003679841757,2.2609708069537123e-06,8.422617247624049e-05,0.00025705970513979206,0.00011495570954019651,4.684608904626308e-08,2.8264791661737667e-06,0.0001332625584603378,3.2990850987563325e-06
G4.2.1,10,10,2.1249870769679546e-06,8.279201574623585e-05,0.00024287501582875848,0.00014650000957772136,0.0013842500047758222,0.00023341696942225099,0.0003689169534482062,0.000843666959553957,2.284118924817879e-06,8.525959906831459e-05,0.0002486015192926373,0.00015132198207036676,3.495166905415103e-06,2.2067116036063013e-06,3.0651285777842054e-06,1.0071299258373626e-05
G4.2.2,10,10,3.00002284348011e-06,0.00012383400462567806,0.0003862919984385371,0.0002232920378446579,8.583010639995337e-06,0.005690041987691075,0.0004789999802596867,0.000866832968313247,3.1322707770747623e-06,0.00012905912031112217,0.00039416379378105293,0.00023034214672891458,1.0235059896825416e-07,6.718275842124365e-05,4.313522514902382e-06,1.3021277348914784e-05
G4.2.3,10,10,2.1659652702510357e-06,8.466700091958046e-05,0.0002476670197211206,0.00014766596723347902,2.9579969123005867e-06,0.00012266699923202395,0.000979832955636084,0.0002822920214384794,2.2329560488058446e-06,8.628366654763813e-05,0.00025147488960407846,0.00015175445212957424,4.1665181625500345e-08,9.146128353374141e-07,1.6480582190072967e-05,3.1658565197746573e-06
G2.3.1,10,25,2.6249908842146397e-06,0.00023141701240092516,0.0006931249517947435,0.0003249580040574074,3.167020622640848e-06,0.0003748750314116478,0.0019805830088444054,0.004183332959655672,2.7128397140744304e-06,0.00023739764215027347,0.0007104186343508184,0.0003417959413530255,5.319207608788443e-08,3.1603431357248797e-06,3.7533326578660675e-05,0.00012655015021204862
G2.3.2,10,25,2.582964953035116e-06,0.0002305000089108944,0.0007003750069998205,0.00040858297143131495,5.458015948534012e-06,0.0011901670368388295,0.0007377919973805547,0.0017027080175466835,2.738855652172457e-06,0.00023872740745874328,0.0007059527934374769,0.00042033167774757705,1.9008721960744108e-07,2.2851312065490323e-05,3.614540435620427e-06,2.8265748671397092e-05
G2.3.3,10,25,3.0829687602818012e-06,0.00028137501794844866,0.0008627090137451887,0.00041624996811151505,4.375004209578037e-06,0.0006365830195136368,0.0010226669837720692,0.0016281669959425926,3.1549585196123996e-06,0.0002913323972540079,0.0008839505557667883,0.000421584460152214,1.5510979386342654e-07,1.314340482450316e-05,6.295756191838071e-06,2.7155664619179227e-05
G4.2.1,10,25,3.04199056699872e-06,0.00029379199258983135,0.0008997499826364219,0.0005272080306895077,3.875000402331352e-06,0.0006880420260131359,0.0012080420274287462,0.0006986249936744571,3.131295951680212e-06,0.0003021388348056994,0.0009256328541611448,0.0005402160812038645,5.836647944142525e-08,9.680858653393649e-06,1.847749231112369e-05,5.868791526904506e-06
G4.2.2,10,25,3.0829687602818012e-06,0.00029499997617676854,0.0009027079795487225,0.00043570902198553085,1.0791001841425896e-05,0.00033825001446530223,0.001302707998547703,0.0004914170131087303,3.1919153015216285e-06,0.0002995251644214442,0.0009297530408797751,0.0004391561991042585,2.3851881237726575e-07,2.0978866245348607e-06,2.5229649864797258e-05,2.627148509327518e-06
G4.2.3,10,25,3.0410010367631912e-06,0.00029449997236952186,0.0008989579509943724,0.0004285000031813979,3.7080026231706142e-06,0.0020792080322280526,0.0013846249785274267,0.0012478330172598362,3.132293297147209e-06,0.0003033741104889309,0.0009186426113246244,0.000437025832547878,5.546287441333027e-08,3.226180229743996e-05,1.618434030999974e-05,2.3061880972757264e-05
G2.3.1,10,50,3.0840164981782436e-06,0.0005449589807540178,0.0016952080186456442,0.0009792089695110917,3.7499703466892242e-06,0.0007384579512290657,0.0020963330171070993,0.0013483340153470635,3.1640127228645537e-06,0.0005574132591120119,0.0017209940660294473,0.0010026511649807604,7.626243917522323e-08,5.7971616491514125e-06,3.320372096894256e-05,1.373454527807558e-05
G2.3.2,10,50,2.6249908842146397e-06,0.00044916599290445447,0.0013441659975796938,0.000634833995718509,3.333028871566057e-06,0.0007643330027349293,0.003808500012382865,0.0008731659618206322,2.6906181642032684e-06,0.0004606828490922455,0.0013831577189575442,0.0006502605743443529,7.637664338354722e-08,7.034030622532612e-06,0.00010265003043017783,1.1825228311327417e-05
G2.3.3,10,50,2.207991201430559e-06,0.00035612500505521894,0.0010353749967180192,0.0006290829624049366,3.00002284348011e-06,0.000883542001247406,0.0010860419715754688,0.0018075410043820739,2.267541012902191e-06,0.000366500120322778,0.00105652958499248,0.0006467322623159151,9.407394192286626e-08,1.3569668259317228e-05,4.087714251925986e-06,3.4528559076634365e-05
G4.2.1,10,50,3.0830269679427147e-06,0.0005689159734174609,0.0017583750304766,0.0008355419849976897,3.833032678812742e-06,0.0013463749783113599,0.0021334170014597476,0.0022132500307634473,3.182686530568633e-06,0.000585623276049432,0.001795780877486587,0.0008584878873477337,5.882640148580735e-08,2.4345128688276898e-05,1.6173807959197836e-05,4.303703084755633e-05
G4.2.2,10,50,3.1249946914613247e-06,0.0005795829929411411,0.0017543750000186265,0.0010300829890184104,3.958004526793957e-06,0.0007631250191479921,0.002169750048778951,0.001079290988855064,3.186944619907687e-06,0.0005848702106913226,0.0018014707867520124,0.001052218083612664,6.101245734750949e-08,6.116890500155702e-06,4.259616181356116e-05,4.475485253527204e-06
G4.2.3,10,50,3.0829687602818012e-06,0.0005536660319194198,0.0017068749875761569,0.0009957500151358545,3.875000402331352e-06,0.0047662919969297945,0.0023566249874420464,0.0012788340100087225,3.1646166462451218e-06,0.0005867579275259598,0.001754689189260387,0.0010180402243681723,8.442526155467706e-08,0.00022155337752292697,4.978815376698698e-05,1.0483860297138918e-05
G2.3.1,10,100,1.7909915186464787e-06,0.0005470420001074672,0.0015382920391857624,0.0007106669945642352,2.4589826352894306e-06,0.001480833045206964,0.0017665000050328672,0.0020402080263011158,1.8703087918319792e-06,0.000563267670927212,0.0015721771936188598,0.0007320260719365358,7.895328383770936e-08,2.8453112186592383e-05,9.932135918565344e-06,4.047215701332212e-05
G2.3.2,10,100,3.0840164981782436e-06,0.0010746250045485795,0.003303582954686135,0.0019271670025773346,3.7919962778687477e-06,0.002161791955586523,0.0035249170032329857,0.0038542079855687916,3.176031544083549e-06,0.0011032730780248608,0.003366534884277163,0.0019806588214988092,1.2016791117996884e-07,4.405824577025356e-05,2.112992569571288e-05,9.710872493081524e-05
G2.3.3,10,100,3.1249946914613247e-06,0.0010683339787647128,0.003308124956674874,0.0019602079992182553,3.708992153406143e-06,0.0011643749894574285,0.004022500012069941,0.002301707980223,3.1849031074671075e-06,0.0010915876852848002,0.003402370281651653,0.0019714925202809243,1.0212690233253083e-07,4.8919008300029176e-06,8.046103647073914e-05,1.9686809881186702e-05
G4.2.1,10,100,2.9999646358191967e-06,0.001106458017602563,0.003457832965068519,0.002017499995417893,3.5829725675284863e-06,0.0011607500491663814,0.00427595799556002,0.0024469589698128402,3.1010939572887445e-06,0.0011330428349997507,0.003532978656313424,0.002061897704218764,6.087714349408064e-08,6.97302605526871e-06,8.614908349163616e-05,2.5134400687356667e-05
G4.2.2,10,100,3.04199056699872e-06,0.001108375028707087,0.0034317499957978725,0.002000249980483204,4.249974153935909e-06,0.0011662080069072545,0.005898917035665363,0.0022401249734684825,3.14445775475795e-06,0.001131941705381872,0.0035118294894550994,0.0020452831754887196,1.0845672582058208e-07,7.653824831822211e-06,0.00014817687167394068,1.7560485349160043e-05
G4.2.3,10,100,3.0829687602818012e-06,0.001114749989937991,0.003425000002607703,0.0020019999938085675,3.7909485399723053e-06,0.0013727089972235262,0.0038712919922545552,0.0024376250221394002,3.1587382630053638e-06,0.0011449161031178746,0.0035010355600429426,0.0020535881273242356,9.261803213280945e-08,2.6356199016617574e-05,2.394236757029871e-05,4.682807376146608e-05
G2.3.1,25,10,1.3707962352782488e-05,0.0006321659893728793,0.002255457977298647,0.001104000024497509,1.4499993994832039e-05,0.0013622500118799508,0.0024245830136351287,0.0014873750042170286,1.376334197319499e-05,0.0006496463922962301,0.0023020072911401424,0.001132153285132748,1.254598159286647e-07,2.4679680718233492e-05,2.3554834652192103e-05,2.5436829149518787e-05
G2.3.2,25,10,1.1833966709673405e-05,0.0005343329976312816,0.0018881250289268792,0.0009192079887725413,1.2792006600648165e-05,0.0008488750318065286,0.0028310419875197113,0.005992833990603685,1.200347550265077e-05,0.0005475279116956902,0.001936461980386843,0.0009455770057980271,1.6092875727459134e-07,1.236490260230371e-05,5.5175225823048296e-05,0.00015971421799590308
G2.3.3,25,10,1.1749973054975271e-05,0.0005307499668560922,0.001876791997347027,0.0010071659926325083,1.2499978765845299e-05,0.0008135419921018183,0.0027710829745046794,0.002204707998316735,1.1873213857736276e-05,0.0005451916060325634,0.0019283316224397598,0.0010306555028372051,1.5204913517077505e-07,1.2262416937884854e-05,5.3406436600778544e-05,4.016570256654287e-05
G4.2.1,25,10,1.3791024684906006e-05,0.0006645419634878635,0.002369249996263534,0.001260707969777286,1.4499993994832039e-05,0.0015620830236002803,0.002826999989338219,0.001954541017767042,1.3866215753792362e-05,0.0006950552338077053,0.002462043668900432,0.001296324470936592,8.815806308057775e-08,2.9958464677165277e-05,3.6909463837080535e-05,3.605083909811647e-05
G4.2.2,25,10,1.4708028174936771e-05,0.0007106670527718961,0.0025483749923296273,0.0013522080262191594,1.575000351294875e-05,0.009023291990160942,0.0029640000429935753,0.002136374998372048,1.481317590470567e-05,0.0007451201267433175,0.0026033513953128327,0.0013864045785853903,1.7650976866162632e-07,0.0002906805170071077,3.184954396485289e-05,3.89707111077094e-05
G4.2.3,25,10,1.2708012945950031e-05,0.000598000013269484,0.002084875013679266,0.001113500038627535,1.3542012311518192e-05,0.0007282919832505286,0.0024458749685436487,0.0013409999664872885,1.2877106200903654e-05,0.0006096472438320138,0.002131204610708984,0.0011338039924914745,1.8874083051480902e-07,6.964847744644415e-06,4.0459272104077524e-05,1.8181870031313552e-05
G2.3.1,25,25,1.4708959497511387e-05,0.0015974999987520278,0.005712041980586946,0.0030331669840961695,1.5624973457306623e-05,0.0016769159701652825,0.022414290986489505,0.00318341696402058,1.4843741761675725e-05,0.001638925930133975,0.005982005255813336,0.0030913554086199418,1.7206274801799446e-07,1.0631883583105791e-05,0.0013318003648122225,2.388566496066285e-05
G2.3.2,25,25,1.2707954738289118e-05,0.001356207998469472,0.004819125053472817,0.0023481250391341746,1.3415992725640535e-05,0.0014749999972991645,0.006171957997139543,0.0024333749897778034,1.284418006738027e-05,0.0013859685444562086,0.004937409637282166,0.0023953103874445898,1.353752989541583e-07,1.1524594503865555e-05,0.00014324057610609053,2.2211035409051384e-05
G2.3.3,25,25,1.291697844862938e-05,0.001356958004180342,0.00481541600311175,0.0023397920303978026,1.3708020560443401e-05,0.004063208005391061,0.004967332992237061,0.002846334013156593,1.3125158147886395e-05,0.0013893731784944904,0.004902447676274688,0.0023994400018479333,2.9207451844195715e-07,0.00010340693141812017,1.245922941841059e-05,4.795543889422746e-05
G4.2.1,25,25,1.3707962352782488e-05,0.0015172919956967235,0.005386167031247169,0.0026346659869886935,1.4499993994832039e-05,0.002330999996047467,0.0055299169616773725,0.003185250039678067,1.3804640620946885e-05,0.0015557345237352267,0.005500099379181241,0.0027003202922842515,9.455724390325455e-08,4.510008250673229e-05,1.6495695618545052e-05,5.8989685527797825e-05
G4.2.2,25,25,1.3459008187055588e-05,0.0015355829964391887,0.005423333030194044,0.002887000038754195,1.4459015801548958e-05,0.0019298749975860119,0.005636917019728571,0.0043663340038619936,1.3552673044614494e-05,0.0015711899594802316,0.005534982192011988,0.002959665400819664,1.1193896209506052e-07,3.8250515697422667e-05,1.606858747648246e-05,0.0001012813130788482
G4.2.3,25,25,1.4749995898455381e-05,0.0016524169477634132,0.005906666978262365,0.00289574998896569,1.5833007637411356e-05,0.002006333030294627,0.007240750011987984,0.003353083971887827,1.492490409873426e-05,0.001685121605076627,0.006048082842834539,0.00294727687538345,3.225569585311272e-07,1.6552276618189756e-05,0.00015402122827921002,3.3439086828383184e-05
G2.3.1,25,50,1.4792021829634905e-05,0.003106833028141409,0.011154707986861467,0.005860290955752134,1.5707977581769228e-05,0.0035448340349830687,0.012622041045688093,0.006445375038310885,1.5088001317862007e-05,0.0031703690509385534,0.011314044445882448,0.005972682430888334,2.6460741769022273e-07,2.4420110210501244e-05,0.00019665248531992266,5.652752075553965e-05
G2.3.2,25,50,1.387501833960414e-05,0.0029015420004725456,0.010460541001521051,0.005495082994457334,1.4625024050474167e-05,0.0033169169910252094,0.011468791984952986,0.006062207976356149,1.4030369294976646e-05,0.0029601751440604214,0.010570773265422566,0.005606884050947827,2.1256610291340137e-07,2.216348337240159e-05,0.0001544795348297636,4.89115208157426e-05
G2.3.3,25,50,1.4958030078560114e-05,0.0031306250020861626,0.011321500001940876,0.005946374963968992,1.6041973140090704e-05,0.0035543330013751984,0.013888707966543734,0.00652254099259153,1.5175004955381155e-05,0.003188429554575123,0.011484958373661026,0.0060695659877161405,4.846501166162339e-07,3.7064777783034196e-05,0.0002841727310213991,5.535322338020878e-05
G4.2.1,25,50,1.491699367761612e-05,0.003268625005148351,0.011632583977188915,0.005687166994903237,1.5666009858250618e-05,0.0036172500113025308,0.01397845905739814,0.006535792024806142,1.5111164733146628e-05,0.003332949414034374,0.01189869461403064,0.005802027241853383,2.769000391099035e-07,2.395920280702317e-05,0.00027995050653697144,6.113144037306943e-05
G4.2.2,25,50,1.4833000022917986e-05,0.003285041020717472,0.011875459051225334,0.005738709005527198,1.5624973457306623e-05,0.004522875009570271,0.011964874982368201,0.006484124984126538,1.4948003808967769e-05,0.003368243821209059,0.011913202925557819,0.005862263731710539,1.355342346774995e-07,9.209458793006985e-05,2.1359144458790748e-05,0.00011470393226440488
G4.2.3,25,50,1.491699367761612e-05,0.0032930420129559934,0.011800832988228649,0.005752082972321659,1.7000013031065464e-05,0.005217541998717934,0.012198542011901736,0.006695583986584097,1.5279851920370546e-05,0.0033892235896622242,0.01202285908428686,0.005894943115452085,7.628222081978493e-07,0.0001290698929453767,4.06091933908236e-05,0.0001306349814220484
G2.3.1,25,100,1.3666052836924791e-05,0.005687583005055785,0.020158749946858734,0.010721124999690801,1.6000005416572094e-05,0.007142124988604337,0.02073483302956447,0.026655416004359722,1.418340252712369e-05,0.005832266918982246,0.020560693045678948,0.01125447830165048,1.0174459850748744e-06,0.0001464749944830162,0.0001114933879734901,0.0018414005292598872
G2.3.2,25,100,1.487502595409751e-05,0.006231999956071377,0.022184207977261394,0.011786125018261373,1.5666009858250618e-05,0.007282082980964333,0.022798874997533858,0.013160041999071836,1.5066401101648807e-05,0.006381983623789812,0.0225893297870441,0.012035054596795124,3.3905224860596585e-07,0.0001495404966728878,0.0001114426290405563,0.00020698308600262927
G2.3.3,25,100,1.287501072511077e-05,0.005306124978233129,0.018794374947901815,0.009302665945142508,1.4999997802078724e-05,0.005428167001809925,0.020936625020112842,0.009370792016852647,1.334979897364974e-05,0.005398100458802907,0.019200174546501827,0.00933520032440019,9.236662725678689e-07,1.6855960266736865e-05,0.0003919126090861468,1.1225101938193657e-05
G4.2.1,25,100,1.4833000022917986e-05,0.006437041040044278,0.022811792034190148,0.012294833024498075,1.5624973457306623e-05,0.007076458015944809,0.023850917001254857,0.01351487496867776,1.4972763333039788e-05,0.006539890232040727,0.023268943860975288,0.012406180045038554,1.48547688045645e-07,6.279184090909065e-05,0.00014023689451959535,0.00019836864253565344
G4.2.2,25,100,1.4874967746436596e-05,0.006421583006158471,0.022982166963629425,0.011340875003952533,1.650000922381878e-05,0.007574333052616566,0.024209583003539592,0.011626790976151824,1.5208206605166197e-05,0.006566658345549606,0.02341159111630648,0.01146770595511336,7.22357790737065e-07,0.00012687617853527657,0.00016598128853126303,2.8864874239256193e-05
G4.2.3,25,100,1.5083991456776857e-05,0.006362458982039243,0.022676084015984088,0.01117445802083239,1.629203325137496e-05,0.007293291040696204,0.05027470801724121,0.011405582947190851,1.540019875392318e-05,0.006507641401126861,0.023668249003686616,0.011328454892333997,5.049155254057562e-07,0.0001108867796899681,0.004158800827548274,2.377900747568121e-05
G2.3.1,50,10,4.374998388811946e-05,0.0021531250094994903,0.008038375002797693,0.003947207995224744,4.483398515731096e-05,0.0047883749939501286,0.008649999974295497,0.004664040985517204,4.401048499858007e-05,0.002215967410984779,0.00820231330441311,0.004053043728195528,3.550159386026419e-07,0.00012897367180353755,6.415034352922975e-05,7.548207307631816e-05
G2.3.2,50,10,3.950000973418355e-05,0.0020000420045107603,0.0074787919875234365,0.0036855420330539346,4.037498729303479e-05,0.0023724579950794578,0.008076749974861741,0.004394125018734485,3.9644469507038596e-05,0.0020516321089798432,0.0076267972524250065,0.0037764110821522636,2.0943542700002981e-07,3.844308895704687e-05,7.292561910961353e-05,7.061483538241086e-05
G2.3.3,50,10,3.8624973967671394e-05,0.0018684170208871365,0.007052832981571555,0.003454042016528547,3.970804391428828e-05,0.0035437080077826977,0.007777125050779432,0.004153957997914404,3.8966594729572535e-05,0.0019181984143363823,0.0071813905391101005,0.0035477676119626267,4.3722903892111017e-07,8.251708709919535e-05,6.292288253372888e-05,7.112495964522936e-05
G4.2.1,50,10,4.591600736603141e-05,0.0023464160040020943,0.008784333011135459,0.004540499998256564,4.6667002607136965e-05,0.003415999992284924,0.009520583029370755,0.005200874991714954,4.6097110801686845e-05,0.002395806415368576,0.008985801422674846,0.004640564071585821,2.3126892589329174e-07,6.49204418829916e-05,6.907250448166288e-05,7.797464807830112e-05
G4.2.2,50,10,5.0332979299128056e-05,0.002617499965708703,0.009868749999441206,0.004881959001068026,5.150004290044308e-05,0.0027422920102253556,0.011159458954352885,0.0050344589981250465,5.0485716201364994e-05,0.0026530716783645762,0.010086334155057558,0.004987616608737082,1.9567782520611008e-07,2.5428949416269054e-05,0.00018910608014416905,3.3475098251949146e-05
G4.2.3,50,10,4.958402132615447e-05,0.0025659159873612225,0.009530915995128453,0.004880583030171692,5.137501284480095e-05,0.002641500032041222,0.012286874989513308,0.005003916041459888,5.002501420676708e-05,0.0025806388928714193,0.009792662740108513,0.004967898283176488,7.606469295355013e-07,7.387609474088171e-06,0.00030535494238302137,3.083826663299093e-05
G2.3.1,50,25,4.75830165669322e-05,0.005358499998692423,0.0205454159877263,0.010032582969870418,4.854099825024605e-05,0.007253375020809472,0.021211542014498264,0.011095750029198825,4.784141201525926e-05,0.00549787587553442,0.020711004246995613,0.010249487818171732,3.9659811740226155e-07,0.0001590802778538252,8.31902347544951e-05,0.00016959124612601562
G2.3.2,50,25,4.379200981929898e-05,0.00501470803283155,0.018915250024292618,0.009662500000558794,4.520901711657643e-05,0.006632999982684851,0.019155207963194698,0.011837166035547853,4.41503943875432e-05,0.005140730210138029,0.019064338885484932,0.009899016776986312,5.993443195497627e-07,0.0001906676291195292,4.796536671008303e-05,0.0002687071102664307
G2.3.3,50,25,4.954199539497495e-05,0.005747957970015705,0.021260916953906417,0.010520416020881385,5.1749986596405506e-05,0.005787833011709154,0.023052292002830654,0.01135966699803248,5.010000895708799e-05,0.005762255027684137,0.021733929083603335,0.010723307526898273,9.272603956131016e-07,7.462520203444736e-06,0.0003111132074484367,7.469642454703394e-05
G4.2.1,50,25,5.366600817069411e-05,0.006394082971382886,0.02411900000879541,0.012385625042952597,6.666703848168254e-05,0.006624917034059763,0.02654145803535357,0.012956374965142459,5.706934219536682e-05,0.00650280968962344,0.024593626096334663,0.012640313293503161,4.7769651970346005e-06,2.376636128878593e-05,0.00040368476908604915,9.294027566834065e-05
G4.2.2,50,25,4.962499951943755e-05,0.005906958016566932,0.02217554103117436,0.01144341699546203,5.1332986913621426e-05,0.006065083027351648,0.02546854200772941,0.012212334026116878,4.999300775428613e-05,0.0059959482642154335,0.022613263867485026,0.011658585239439906,6.609785042039713e-07,5.4076814690455636e-05,0.0004926424348794177,0.00011175727000620303
G4.2.3,50,25,4.862499190494418e-05,0.005881124990992248,0.02205341699300334,0.011360500007867813,5.112495273351669e-05,0.006266666983719915,0.02418612502515316,0.0118499580421485,4.9174984451383355e-05,0.00593923989286208,0.02251510551561498,0.01145555443178058,1.0910567085469128e-06,6.278014467817517e-05,0.0003905305790515673,0.00010913869917671573
G2.3.1,50,50,5.208398215472698e-05,0.011417791014537215,0.043108750018291175,0.02222141600213945,5.416700150817633e-05,0.01284312503412366,0.04432774998713285,0.024478000006638467,5.2558595780283215e-05,0.011604476321239914,0.043703277084126094,0.02258836106241991,9.002561552587587e-07,0.0002868497290920791,0.0003721056815207428,0.00046344154131382654
G2.3.2,50,50,5.0333968829363585e-05,0.011056374991312623,0.04157879197737202,0.020535457995720208,5.308300023898482e-05,0.01151220896281302,0.04561700002523139,0.022533082985319197,5.099178524687886e-05,0.011205036034205865,0.042181223316583784,0.02093715050937228,1.1739583908124055e-06,0.00010412052219611479,0.000800643450604021,0.00029206842412108475
G2.3.3,50,50,5.212501855567098e-05,0.011618415999691933,0.04361816600430757,0.02154416701523587,5.4540985729545355e-05,0.014716416015289724,0.04526745801558718,0.024032375018578023,5.2758201491087675e-05,0.011848663255371976,0.044270101433579366,0.02201788574382861,1.0029077047299359e-06,0.00038727643311336753,0.0004248799250391453,0.0004656198430736415
G4.2.1,50,50,5.304202204570174e-05,0.012500125041697174,0.0474029160104692,0.024416874977760017,5.483400309458375e-05,0.01389595796354115,0.04873066698201001,0.026922290970105678,5.340486365769591e-05,0.012664556759409607,0.04793523482195186,0.024763726586725834,6.37513504409286e-07,0.0002710541908726641,0.000484388549297055,0.0005216588254882752
G4.2.2,50,50,5.3957977797836065e-05,0.01260400004684925,0.04736954200780019,0.023526832985226065,5.633296677842736e-05,0.015519624983426183,0.05123058398021385,0.025158916949294508,5.4491579066962e-05,0.012870069226482882,0.04775460800473494,0.02380380523391068,1.031216570007448e-06,0.0003093996290468002,0.0008648626719382777,0.0004330210829044986
G4.2.3,50,50,5.366600817069411e-05,0.012562958989292383,0.04724145802902058,0.02430820802692324,5.500001134350896e-05,0.01320833299541846,0.049355957948137075,0.057812459010165185,5.404981784522534e-05,0.01271787075741405,0.047913247894030064,0.025388452319553258,5.555517491916417e-07,0.0001390577182964966,0.0005293733977882243,0.005230685349174541
G2.3.1,50,100,5.0666043534874916e-05,0.022030666994396597,0.08255587500752881,0.04083537502447143,5.5334006901830435e-05,0.023504459008108824,0.08842504204949364,0.042314124992117286,5.206660134717822e-05,0.02237849259852535,0.08422814575412,0.04142035499215126,2.0429994402160923e-06,0.0002758942631237048,0.001488124634520374,0.00031204698334382923
G2.3.2,50,100,5.216698627918959e-05,0.023220542003400624,0.08719220798229799,0.04288704099599272,5.425000563263893e-05,0.02371933398535475,0.09169074997771531,0.044177208037581295,5.261680344119668e-05,0.023381375829515934,0.08816920491032458,0.043462935704155825,9.14412921112598e-07,0.00012949441609771514,0.001180518280083023,0.00023149809830907026
G2.3.3,50,100,5.408399738371372e-05,0.024065874982625246,0.09063591703306884,0.04670033301226795,6.283301627263427e-05,0.026203707966487855,0.09150612499797717,0.04786412505200133,5.589179927483201e-05,0.024319395859492943,0.09092024299510133,0.04680759864012626,3.880633855225407e-06,0.0004198839955538837,0.00025926057321631353,0.00026783469987941397
G4.2.1,50,100,5.425000563263893e-05,0.024967458040919155,0.0938607919961214,0.04639204201521352,5.620799493044615e-05,0.025587375042960048,0.09996066702296957,0.04642770905047655,5.4675003048032524e-05,0.025028960361917752,0.0945011930942366,0.04640883536988192,8.584859079435696e-07,0.00010986549220255654,0.0018128518206393855,1.1335393000297311e-05
G4.2.2,50,100,5.400000372901559e-05,0.025028000003658235,0.0940528329811059,0.048422500025480986,5.500001134350896e-05,0.02770004200283438,0.09525454201502725,0.05382324999663979,5.425841081887484e-05,0.02515230834687827,0.0942452499981631,0.04884305962228349,4.1808205774769175e-07,0.0004711319873611271,0.0003474804785399922,0.0011595240296999017
G4.2.3,50,100,5.433295154944062e-05,0.02498608303721994,0.09413720900192857,0.048362292000092566,5.641602911055088e-05,0.027324833965394646,0.09784933301853016,0.05155758396722376,5.480799591168761e-05,0.025154736368858722,0.09467384491687302,0.048878103239639176,9.077660296248873e-07,0.0005059136575243575,0.0010664080983897382,0.0008973607757410235
G2.3.1,100,10,0.00017333397408947349,0.008786124992184341,0.03418033302295953,0.017691290995571762,0.00017562502762302756,0.009288209024816751,0.03730354196159169,0.01927837502444163,0.0001739002065733075,0.008878464167202381,0.0351795373817681,0.017964546201775584,9.728829162486163e-07,4.205553625261026e-05,0.0005589740970434466,0.0002044882819101156
G2.3.2,100,10,0.00012516701826825738,0.006305542017798871,0.024494624987710267,0.012095250014681369,0.0001295410329475999,0.007274749979842454,0.06120054196799174,0.039047707978170365,0.0001261082128621638,0.006451755031892576,0.026556859811535105,0.012725997481201947,1.9205852623111436e-06,0.00012679414163924266,0.007744655318808874,0.0029767593922292493
G2.3.3,100,10,0.00016150000737980008,0.008397458004765213,0.03281929198419675,0.016266833001282066,0.00016562500968575478,0.008470125030726194,0.03544341697124764,0.016826750012114644,0.00016261680284515023,0.008443165962298658,0.033081159966381925,0.016383971344320805,1.7112311523816541e-06,1.7065568987914337e-05,0.000494569782086487,9.435413971976442e-05
G4.2.1,100,10,0.00018370803445577621,0.009664792043622583,0.038223042036406696,0.019274334015790373,0.0001865830272436142,0.011320624966174364,0.0683911670348607,0.021537749969866127,0.00018437519902363418,0.00990157354025024,0.039852019235975325,0.01967829898169909,1.2438282782419994e-06,0.00022917412553102827,0.005823657380961385,0.00032755170569128886
G4.2.2,100,10,0.00017320894403383136,0.00921570899663493,0.035688625008333474,0.017839332984294742,0.00018058298155665398,0.01021891599521041,0.03627941699232906,0.019240166002418846,0.00017478339141234754,0.009318261983463782,0.03603235724897656,0.017930448732970814,3.2444598534073953e-06,0.00014779999910344462,0.00012376869388742778,0.0002374595733369235
G4.2.3,100,10,0.0001740830484777689,0.009167707990854979,0.03592208295594901,0.017799916968215257,0.00017849996220320463,0.010158999997656792,0.036591082985978574,0.01928608398884535,0.00017504980787634848,0.00925672607640822,0.03601859067566693,0.017919438735160203,1.9301559835453023e-06,0.00016996219328404058,0.00011706522084423558,0.00023472484406200322
G2.3.1,100,25,0.00018033303786069155,0.02176666702143848,0.08511929103406146,0.04220700002042577,0.00018420798005536199,0.022580707969609648,0.08850666601210833,0.04249991598771885,0.00018153301207348704,0.02200086410891305,0.08577906942324869,0.04230719569655459,1.5437579027539981e-06,0.00011654349389455539,0.000968327989273181,6.321418863815488e-05
G2.3.2,100,25,0.00019233301281929016,0.022152540972456336,0.08608045900473371,0.04261370800668374,0.00025949999690055847,0.022968375007621944,0.0905445420066826,0.04291012499015778,0.00021105800988152623,0.02222978795826849,0.08669681942168002,0.042718230877653696,2.7857460897870997e-05,0.00011683091906716095,0.0012479302452292713,8.401933515618763e-05
G2.3.3,100,25,0.00015508296201005578,0.018776707991492003,0.0728340829955414,0.036834375001490116,0.00015829101903364062,0.01885204197606072,0.07688770798267797,0.03993733297102153,0.00015589138492941857,0.01879727068201949,0.07355992249046851,0.03717450010299217,1.3539958472403337e-06,2.0008526976283142e-05,0.0010909144819608203,0.0007489704635955217
G4.2.1,100,25,0.00018816703232005239,0.02313791698543355,0.08991870901081711,0.044592374993953854,0.00019095896277576685,0.023258832981809974,0.09415366599569097,0.04780958400806412,0.00018881700234487652,0.023188633550572293,0.09087241316350021,0.04506734964873075,1.2043749135254158e-06,2.880946342181226e-05,0.001410236468465211,0.0008430690894298312
G4.2.2,100,25,0.0001990830060094595,0.024887874955311418,0.09717650001402944,0.04926412500208244,0.0002097910037264228,0.025788708997424692,0.09747216600226238,0.05261679197428748,0.0002017498016357422,0.02500571853838997,0.09724064764503221,0.04966863685209925,4.589318316903586e-06,0.00017772363627405525,8.867882244972873e-05,0.000816329002567442
G4.2.3,100,25,0.00020304200006648898,0.025400292011909187,0.09865854203235358,0.0500519999768585,0.00020604103337973356,0.027624250040389597,0.10231208399636671,0.05466774996602908,0.0002037998056039214,0.025605087477015332,0.09944036009255797,0.05054688329691999,1.261619182041784e-06,0.0003963520537654384,0.0009774120460013238,0.0010374462743290302
G2.3.1,100,50,0.00018962501781061292,0.044640874955803156,0.1730188750079833,0.08620254200650379,0.00019245798466727138,0.04826904204674065,0.17495262500597164,0.08648854197235778,0.00019032518612220882,0.04495077734843463,0.17372336799356466,0.08630483015440404,1.205695243262992e-06,0.0007387333729972043,0.0006784546194968133,7.3070476568504e-05
G2.3.2,100,50,0.00020533299539238214,0.048331708007026464,0.18797391699627042,0.0949872910277918,0.000208500016015023,0.052447666006628424,0.18940149998525158,0.09534508298384026,0.00020631680963560938,0.048724926428847196,0.18832495166376853,0.09510274609254504,1.3518570446448015e-06,0.0009082849189740792,0.0005385945162399884,0.00010577192915275307
G2.3.3,100,50,0.00019833300029858947,0.046433707990217954,0.1806442920351401,0.09161645796848461,0.00020195799879729748,0.05012987501686439,0.18225862504914403,0.09249233303125948,0.00019918319303542377,0.046678422317861325,0.18117309017300917,0.09187674618177963,1.5540697746703966e-06,0.0007763789753203001,0.0005987374266200972,0.00025104156541605086
G4.2.1,100,50,0.00020708300871774554,0.04918287502368912,0.191095249960199,0.09676887496607378,0.0002096669632010162,0.055254083999898285,0.1947290829848498,0.09913020802196115,0.0002077665994875133,0.04966559328438182,0.19195634050023122,0.09720767910475843,1.0708897356183363e-06,0.001323295578027462,0.00137830985195932,0.0007333892659132786
G4.2.2,100,50,0.00020637502893805504,0.04986370902042836,0.19449866603827104,0.09653358301147819,0.00021024997113272548,0.05148333398392424,0.19652283401228487,0.10131854203063995,0.00020749979885295033,0.05015573413887372,0.19515137517979989,0.09731385609748858,1.5715459887771973e-06,0.00034010066833889266,0.0007407326628556405,0.001423973882435429
G4.2.3,100,50,0.00020108302123844624,0.04857749998336658,0.18880054098553956,0.0938763750018552,0.00020483299158513546,0.06873274996178225,0.19574370799819008,0.0960029999841936,0.00020195001270622014,0.050059980139069794,0.1905994999979157,0.09428964018165557,1.6163541382024942e-06,0.0043474889506266755,0.0026342786699271284,0.0006327242228093091
G2.3.1,100,100,0.00020595797104761004,0.09387924999464303,0.36419416702119634,0.1846738330204971,0.00020916596986353397,0.09949166601290926,0.3741365830064751,0.1894643330015242,0.00020679979352280497,0.09465171982513064,0.36671075839549305,0.18586022917103642,1.3358024928687823e-06,0.0016911347093684394,0.004251922589503856,0.0018761078789520467
G2.3.2,100,100,0.00020549999317154288,0.0946739999926649,0.3673006250173785,0.18613870796980336,0.00020804197993129492,0.09571408299962059,0.37458516703918576,0.18643954099388793,0.0002062333864159882,0.0948724544617686,0.3688129920163192,0.18625099967660694,1.0403203051460809e-06,0.0003341894687544349,0.0032273892372402303,0.00010628643829920081
G2.3.3,100,100,0.0002014579949900508,0.09254824998788536,0.35894837498199195,0.17750033299671486,0.00021354202181100845,0.09441016695927829,0.36840399994980544,0.18447962502250448,0.00020481679821386932,0.09307573499708352,0.361924125184305,0.1790850903489627,5.168207966837974e-06,0.0006145954008600192,0.00388752048891575,0.00279358291812236
G4.2.1,100,100,0.00020633300300687551,0.09785733302123845,0.3799233750323765,0.18881637504091486,0.00021191698033362627,0.10364729102002457,0.3864268330507912,0.1966137089766562,0.0002076084027066827,0.0987560452776961,0.38171303340932355,0.1908060623294053,2.419262351354585e-06,0.0017428785009634502,0.0026602472920589505,0.0030499071281078695
G4.2.2,100,100,0.00020708300871774554,0.0975683750002645,0.37850212497869506,0.19239083299180493,0.00021658302284777164,0.10316287499153987,0.38809225003933534,0.19959229201776907,0.00020922500407323242,0.09853552059503272,0.38107270820764827,0.1948781663280291,4.118787812931244e-06,0.0016718604116561706,0.003972236991441484,0.002496174182420591
G4.2.3,100,100,0.00020574999507516623,0.09727975004352629,0.3791067499550991,0.19252504099858925,0.00021137495059520006,0.10251512500690296,0.38751662499271333,0.19432700000470504,0.00020708338124677538,0.09812339017464017,0.3815476917894557,0.193379666491334,2.4083449793651225e-06,0.0016271460361414886,0.0033827194469931276,0.0007682666109145217
